postnummer,post_office,kommune_nr,sort_order
0001,OSLO,0301,1
0010,OSLO,0301,2
0015,OSLO,0301,3
0018,OSLO,0301,4
0021,OSLO,0301,5
0024,OSLO,0301,6
0026,OSLO,0301,7
0028,OSLO,0301,8
0030,OSLO,0301,9
0032,OSLO,0301,10
0033,OSLO,0301,11
0034,OSLO,0301,12
0037,OSLO,0301,13
0040,OSLO,0301,14
0045,OSLO,0301,15
0046,OSLO,0301,16
0047,OSLO,0301,17
0048,OSLO,0301,18
0050,OSLO,0301,19
0055,OSLO,0301,20
0101,OSLO,0301,21
0102,OSLO,0301,22
0103,OSLO,0301,23
0104,OSLO,0301,24
0105,OSLO,0301,25
0106,OSLO,0301,26
0107,OSLO,0301,27
0109,OSLO,0301,28
0110,OSLO,0301,29
0111,OSLO,0301,30
0112,OSLO,0301,31
0113,OSLO,0301,32
0114,OSLO,0301,33
0115,OSLO,0301,34
0116,OSLO,0301,35
0117,OSLO,0301,36
0118,OSLO,0301,37
0119,OSLO,0301,38
0120,OSLO,0301,39
0121,OSLO,0301,40
0122,OSLO,0301,41
0123,OSLO,0301,42
0124,OSLO,0301,43
0125,OSLO,0301,44
0129,OSLO,0301,45
0130,OSLO,0301,46
0131,OSLO,0301,47
0132,OSLO,0301,48
0133,OSLO,0301,49
0134,OSLO,0301,50
0135,OSLO,0301,51
0136,OSLO,0301,52
0138,OSLO,0301,53
0139,OSLO,0301,54
0140,OSLO,0301,55
0150,OSLO,0301,56
0151,OSLO,0301,57
0152,OSLO,0301,58
0153,OSLO,0301,59
0154,OSLO,0301,60
0155,OSLO,0301,61
0157,OSLO,0301,62
0158,OSLO,0301,63
0159,OSLO,0301,64
0160,OSLO,0301,65
0161,OSLO,0301,66
0162,OSLO,0301,67
0164,OSLO,0301,68
0165,OSLO,0301,69
0166,OSLO,0301,70
0167,OSLO,0301,71
0168,OSLO,0301,72
0169,OSLO,0301,73
0170,OSLO,0301,74
0171,OSLO,0301,75
0172,OSLO,0301,76
0173,OSLO,0301,77
0174,OSLO,0301,78
0175,OSLO,0301,79
0176,OSLO,0301,80
0177,OSLO,0301,81
0178,OSLO,0301,82
0179,OSLO,0301,83
0180,OSLO,0301,84
0181,OSLO,0301,85
0182,OSLO,0301,86
0183,OSLO,0301,87
0184,OSLO,0301,88
0185,OSLO,0301,89
0186,OSLO,0301,90
0187,OSLO,0301,91
0188,OSLO,0301,92
0190,OSLO,0301,93
0191,OSLO,0301,94
0192,OSLO,0301,95
0193,OSLO,0301,96
0194,OSLO,0301,97
0195,OSLO,0301,98
0196,OSLO,0301,99
0198,OSLO,0301,100
0201,OSLO,0301,101
0202,OSLO,0301,102
0203,OSLO,0301,103
0204,OSLO,0301,104
0207,OSLO,0301,105
0208,OSLO,0301,106
0211,OSLO,0301,107
0212,OSLO,0301,108
0213,OSLO,0301,109
0214,OSLO,0301,110
0215,OSLO,0301,111
0216,OSLO,0301,112
0217,OSLO,0301,113
0218,OSLO,0301,114
0230,OSLO,0301,115
0240,OSLO,0301,116
0244,OSLO,0301,117
0247,OSLO,0301,118
0250,OSLO,0301,119
0251,OSLO,0301,120
0252,OSLO,0301,121
0253,OSLO,0301,122
0254,OSLO,0301,123
0255,OSLO,0301,124
0256,OSLO,0301,125
0257,OSLO,0301,126
0258,OSLO,0301,127
0259,OSLO,0301,128
0260,OSLO,0301,129
0262,OSLO,0301,130
0263,OSLO,0301,131
0264,OSLO,0301,132
0265,OSLO,0301,133
0266,OSLO,0301,134
0267,OSLO,0301,135
0268,OSLO,0301,136
0270,OSLO,0301,137
0271,OSLO,0301,138
0272,OSLO,0301,139
0273,OSLO,0301,140
0274,OSLO,0301,141
0275,OSLO,0301,142
0276,OSLO,0301,143
0277,OSLO,0301,144
0278,OSLO,0301,145
0279,OSLO,0301,146
0280,OSLO,0301,147
0281,OSLO,0301,148
0282,OSLO,0301,149
0283,OSLO,0301,150
0284,OSLO,0301,151
0286,OSLO,0301,152
0287,OSLO,0301,153
0301,OSLO,0301,154
0302,OSLO,0301,155
0303,OSLO,0301,156
0304,OSLO,0301,157
0305,OSLO,0301,158
0306,OSLO,0301,159
0307,OSLO,0301,160
0308,OSLO,0301,161
0309,OSLO,0301,162
0311,OSLO,0301,163
0313,OSLO,0301,164
0314,OSLO,0301,165
0315,OSLO,0301,166
0316,OSLO,0301,167
0317,OSLO,0301,168
0318,OSLO,0301,169
0319,OSLO,0301,170
0323,OSLO,0301,171
0330,OSLO,0301,172
0340,OSLO,0301,173
0349,OSLO,0301,174
0350,OSLO,0301,175
0351,OSLO,0301,176
0352,OSLO,0301,177
0353,OSLO,0301,178
0354,OSLO,0301,179
0355,OSLO,0301,180
0356,OSLO,0301,181
0357,OSLO,0301,182
0358,OSLO,0301,183
0359,OSLO,0301,184
0360,OSLO,0301,185
0361,OSLO,0301,186
0362,OSLO,0301,187
0363,OSLO,0301,188
0364,OSLO,0301,189
0365,OSLO,0301,190
0366,OSLO,0301,191
0367,OSLO,0301,192
0368,OSLO,0301,193
0369,OSLO,0301,194
0370,OSLO,0301,195
0371,OSLO,0301,196
0372,OSLO,0301,197
0373,OSLO,0301,198
0374,OSLO,0301,199
0375,OSLO,0301,200
0376,OSLO,0301,201
0377,OSLO,0301,202
0378,OSLO,0301,203
0379,OSLO,0301,204
0380,OSLO,0301,205
0381,OSLO,0301,206
0382,OSLO,0301,207
0383,OSLO,0301,208
0401,OSLO,0301,209
0402,OSLO,0301,210
0403,OSLO,0301,211
0404,OSLO,0301,212
0405,OSLO,0301,213
0406,OSLO,0301,214
0409,OSLO,0301,215
0410,OSLO,0301,216
0411,OSLO,0301,217
0412,OSLO,0301,218
0413,OSLO,0301,219
0415,OSLO,0301,220
0421,OSLO,0301,221
0422,OSLO,0301,222
0423,OSLO,0301,223
0424,OSLO,0301,224
0440,OSLO,0301,225
0441,OSLO,0301,226
0442,OSLO,0301,227
0445,OSLO,0301,228
0450,OSLO,0301,229
0451,OSLO,0301,230
0452,OSLO,0301,231
0454,OSLO,0301,232
0455,OSLO,0301,233
0456,OSLO,0301,234
0457,OSLO,0301,235
0458,OSLO,0301,236
0459,OSLO,0301,237
0460,OSLO,0301,238
0461,OSLO,0301,239
0462,OSLO,0301,240
0463,OSLO,0301,241
0464,OSLO,0301,242
0465,OSLO,0301,243
0467,OSLO,0301,244
0468,OSLO,0301,245
0469,OSLO,0301,246
0470,OSLO,0301,247
0472,OSLO,0301,248
0473,OSLO,0301,249
0474,OSLO,0301,250
0475,OSLO,0301,251
0476,OSLO,0301,252
0477,OSLO,0301,253
0478,OSLO,0301,254
0479,OSLO,0301,255
0480,OSLO,0301,256
0481,OSLO,0301,257
0482,OSLO,0301,258
0483,OSLO,0301,259
0484,OSLO,0301,260
0485,OSLO,0301,261
0486,OSLO,0301,262
0487,OSLO,0301,263
0488,OSLO,0301,264
0489,OSLO,0301,265
0490,OSLO,0301,266
0491,OSLO,0301,267
0492,OSLO,0301,268
0493,OSLO,0301,269
0494,OSLO,0301,270
0495,OSLO,0301,271
0496,OSLO,0301,272
0501,OSLO,0301,273
0502,OSLO,0301,274
0503,OSLO,0301,275
0504,OSLO,0301,276
0505,OSLO,0301,277
0506,OSLO,0301,278
0507,OSLO,0301,279
0508,OSLO,0301,280
0509,OSLO,0301,281
0510,OSLO,0301,282
0511,OSLO,0301,283
0512,OSLO,0301,284
0513,OSLO,0301,285
0515,OSLO,0301,286
0516,OSLO,0301,287
0517,OSLO,0301,288
0518,OSLO,0301,289
0520,OSLO,0301,290
0540,OSLO,0301,291
0550,OSLO,0301,292
0551,OSLO,0301,293
0552,OSLO,0301,294
0553,OSLO,0301,295
0554,OSLO,0301,296
0555,OSLO,0301,297
0556,OSLO,0301,298
0557,OSLO,0301,299
0558,OSLO,0301,300
0559,OSLO,0301,301
0560,OSLO,0301,302
0561,OSLO,0301,303
0562,OSLO,0301,304
0563,OSLO,0301,305
0564,OSLO,0301,306
0565,OSLO,0301,307
0566,OSLO,0301,308
0567,OSLO,0301,309
0568,OSLO,0301,310
0569,OSLO,0301,311
0570,OSLO,0301,312
0571,OSLO,0301,313
0572,OSLO,0301,314
0573,OSLO,0301,315
0574,OSLO,0301,316
0575,OSLO,0301,317
0576,OSLO,0301,318
0577,OSLO,0301,319
0578,OSLO,0301,320
0579,OSLO,0301,321
0580,OSLO,0301,322
0581,OSLO,0301,323
0582,OSLO,0301,324
0583,OSLO,0301,325
0584,OSLO,0301,326
0585,OSLO,0301,327
0586,OSLO,0301,328
0587,OSLO,0301,329
0588,OSLO,0301,330
0589,OSLO,0301,331
0590,OSLO,0301,332
0591,OSLO,0301,333
0592,OSLO,0301,334
0593,OSLO,0301,335
0594,OSLO,0301,336
0595,OSLO,0301,337
0596,OSLO,0301,338
0597,OSLO,0301,339
0598,OSLO,0301,340
0601,OSLO,0301,341
0602,OSLO,0301,342
0603,OSLO,0301,343
0604,OSLO,0301,344
0605,OSLO,0301,345
0606,OSLO,0301,346
0607,OSLO,0301,347
0608,OSLO,0301,348
0609,OSLO,0301,349
0611,OSLO,0301,350
0612,OSLO,0301,351
0613,OSLO,0301,352
0614,OSLO,0301,353
0615,OSLO,0301,354
0616,OSLO,0301,355
0617,OSLO,0301,356
0618,OSLO,0301,357
0619,OSLO,0301,358
0620,OSLO,0301,359
0621,OSLO,0301,360
0622,OSLO,0301,361
0623,OSLO,0301,362
0624,OSLO,0301,363
0626,OSLO,0301,364
0650,OSLO,0301,365
0651,OSLO,0301,366
0652,OSLO,0301,367
0653,OSLO,0301,368
0654,OSLO,0301,369
0655,OSLO,0301,370
0656,OSLO,0301,371
0657,OSLO,0301,372
0658,OSLO,0301,373
0659,OSLO,0301,374
0660,OSLO,0301,375
0661,OSLO,0301,376
0662,OSLO,0301,377
0663,OSLO,0301,378
0664,OSLO,0301,379
0665,OSLO,0301,380
0666,OSLO,0301,381
0667,OSLO,0301,382
0668,OSLO,0301,383
0669,OSLO,0301,384
0670,OSLO,0301,385
0671,OSLO,0301,386
0672,OSLO,0301,387
0673,OSLO,0301,388
0674,OSLO,0301,389
0675,OSLO,0301,390
0676,OSLO,0301,391
0677,OSLO,0301,392
0678,OSLO,0301,393
0679,OSLO,0301,394
0680,OSLO,0301,395
0681,OSLO,0301,396
0682,OSLO,0301,397
0683,OSLO,0301,398
0684,OSLO,0301,399
0685,OSLO,0301,400
0686,OSLO,0301,401
0687,OSLO,0301,402
0688,OSLO,0301,403
0689,OSLO,0301,404
0690,OSLO,0301,405
0691,OSLO,0301,406
0692,OSLO,0301,407
0693,OSLO,0301,408
0694,OSLO,0301,409
0701,OSLO,0301,410
0702,OSLO,0301,411
0705,OSLO,0301,412
0710,OSLO,0301,413
0712,OSLO,0301,414
0750,OSLO,0301,415
0751,OSLO,0301,416
0752,OSLO,0301,417
0753,OSLO,0301,418
0754,OSLO,0301,419
0755,OSLO,0301,420
0756,OSLO,0301,421
0757,OSLO,0301,422
0758,OSLO,0301,423
0760,OSLO,0301,424
0763,OSLO,0301,425
0764,OSLO,0301,426
0765,OSLO,0301,427
0766,OSLO,0301,428
0767,OSLO,0301,429
0768,OSLO,0301,430
0770,OSLO,0301,431
0771,OSLO,0301,432
0772,OSLO,0301,433
0773,OSLO,0301,434
0774,OSLO,0301,435
0775,OSLO,0301,436
0776,OSLO,0301,437
0777,OSLO,0301,438
0778,OSLO,0301,439
0779,OSLO,0301,440
0781,OSLO,0301,441
0782,OSLO,0301,442
0783,OSLO,0301,443
0784,OSLO,0301,444
0785,OSLO,0301,445
0786,OSLO,0301,446
0787,OSLO,0301,447
0788,OSLO,0301,448
0789,OSLO,0301,449
0790,OSLO,0301,450
0791,OSLO,0301,451
0801,OSLO,0301,452
0805,OSLO,0301,453
0806,OSLO,0301,454
0807,OSLO,0301,455
0840,OSLO,0301,456
0850,OSLO,0301,457
0851,OSLO,0301,458
0852,OSLO,0301,459
0853,OSLO,0301,460
0854,OSLO,0301,461
0855,OSLO,0301,462
0856,OSLO,0301,463
0857,OSLO,0301,464
0858,OSLO,0301,465
0860,OSLO,0301,466
0861,OSLO,0301,467
0862,OSLO,0301,468
0863,OSLO,0301,469
0864,OSLO,0301,470
0870,OSLO,0301,471
0871,OSLO,0301,472
0872,OSLO,0301,473
0873,OSLO,0301,474
0874,OSLO,0301,475
0875,OSLO,0301,476
0876,OSLO,0301,477
0877,OSLO,0301,478
0880,OSLO,0301,479
0881,OSLO,0301,480
0882,OSLO,0301,481
0883,OSLO,0301,482
0884,OSLO,0301,483
0890,OSLO,0301,484
0891,OSLO,0301,485
0901,OSLO,0301,486
0902,OSLO,0301,487
0903,OSLO,0301,488
0904,OSLO,0301,489
0905,OSLO,0301,490
0907,OSLO,0301,491
0908,OSLO,0301,492
0913,OSLO,0301,493
0914,OSLO,0301,494
0915,OSLO,0301,495
0950,OSLO,0301,496
0951,OSLO,0301,497
0952,OSLO,0301,498
0953,OSLO,0301,499
0954,OSLO,0301,500
0955,OSLO,0301,501
0956,OSLO,0301,502
0957,OSLO,0301,503
0958,OSLO,0301,504
0959,OSLO,0301,505
0960,OSLO,0301,506
0962,OSLO,0301,507
0963,OSLO,0301,508
0964,OSLO,0301,509
0968,OSLO,0301,510
0969,OSLO,0301,511
0970,OSLO,0301,512
0971,OSLO,0301,513
0972,OSLO,0301,514
0973,OSLO,0301,515
0975,OSLO,0301,516
0976,OSLO,0301,517
0977,OSLO,0301,518
0978,OSLO,0301,519
0979,OSLO,0301,520
0980,OSLO,0301,521
0981,OSLO,0301,522
0982,OSLO,0301,523
0983,OSLO,0301,524
0984,OSLO,0301,525
0985,OSLO,0301,526
0986,OSLO,0301,527
0987,OSLO,0301,528
0988,OSLO,0301,529
1001,OSLO,0301,530
1003,OSLO,0301,531
1005,OSLO,0301,532
1006,OSLO,0301,533
1007,OSLO,0301,534
1008,OSLO,0301,535
1009,OSLO,0301,536
1011,OSLO,0301,537
1051,OSLO,0301,538
1052,OSLO,0301,539
1053,OSLO,0301,540
1054,OSLO,0301,541
1055,OSLO,0301,542
1056,OSLO,0301,543
1061,OSLO,0301,544
1062,OSLO,0301,545
1063,OSLO,0301,546
1064,OSLO,0301,547
1065,OSLO,0301,548
1067,OSLO,0301,549
1068,OSLO,0301,550
1069,OSLO,0301,551
1071,OSLO,0301,552
1081,OSLO,0301,553
1083,OSLO,0301,554
1084,OSLO,0301,555
1086,OSLO,0301,556
1087,OSLO,0301,557
1088,OSLO,0301,558
1089,OSLO,0301,559
1101,OSLO,0301,560
1102,OSLO,0301,561
1108,OSLO,0301,562
1109,OSLO,0301,563
1112,OSLO,0301,564
1150,OSLO,0301,565
1151,OSLO,0301,566
1152,OSLO,0301,567
1153,OSLO,0301,568
1154,OSLO,0301,569
1155,OSLO,0301,570
1156,OSLO,0301,571
1157,OSLO,0301,572
1158,OSLO,0301,573
1160,OSLO,0301,574
1161,OSLO,0301,575
1162,OSLO,0301,576
1163,OSLO,0301,577
1164,OSLO,0301,578
1165,OSLO,0301,579
1166,OSLO,0301,580
1167,OSLO,0301,581
1168,OSLO,0301,582
1169,OSLO,0301,583
1170,OSLO,0301,584
1172,OSLO,0301,585
1176,OSLO,0301,586
1177,OSLO,0301,587
1178,OSLO,0301,588
1179,OSLO,0301,589
1181,OSLO,0301,590
1182,OSLO,0301,591
1184,OSLO,0301,592
1185,OSLO,0301,593
1187,OSLO,0301,594
1188,OSLO,0301,595
1189,OSLO,0301,596
1201,OSLO,0301,597
1203,OSLO,0301,598
1204,OSLO,0301,599
1205,OSLO,0301,600
1207,OSLO,0301,601
1214,OSLO,0301,602
1215,OSLO,0301,603
1250,OSLO,0301,604
1251,OSLO,0301,605
1252,OSLO,0301,606
1253,OSLO,0301,607
1254,OSLO,0301,608
1255,OSLO,0301,609
1256,OSLO,0301,610
1257,OSLO,0301,611
1258,OSLO,0301,612
1259,OSLO,0301,613
1262,OSLO,0301,614
1263,OSLO,0301,615
1266,OSLO,0301,616
1270,OSLO,0301,617
1271,OSLO,0301,618
1272,OSLO,0301,619
1273,OSLO,0301,620
1274,OSLO,0301,621
1275,OSLO,0301,622
1278,OSLO,0301,623
1279,OSLO,0301,624
1281,OSLO,0301,625
1283,OSLO,0301,626
1284,OSLO,0301,627
1285,OSLO,0301,628
1286,OSLO,0301,629
1290,OSLO,0301,630
1291,OSLO,0301,631
1294,OSLO,0301,632
1295,OSLO,0301,633
1300,SANDVIKA,3201,634
1301,SANDVIKA,3201,635
1302,SANDVIKA,3201,636
1303,SANDVIKA,3201,637
1304,SANDVIKA,3201,638
1305,HASLUM,3201,639
1306,SANDVIKA,3201,640
1307,FORNEBU,3201,641
1308,JAR,3201,642
1309,RUD,3201,643
1311,HØVIKODDEN,3201,644
1312,SLEPENDEN,3201,645
1313,VØYENENGA,3201,646
1314,VØYENENGA,3201,647
1316,EIKSMARKA,3201,648
1317,BÆRUMS VERK,3201,649
1318,BEKKESTUA,3201,650
1319,BEKKESTUA,3201,651
1321,STABEKK,3201,652
1322,HØVIK,3201,653
1323,HØVIK,3201,654
1324,LYSAKER,3201,655
1325,LYSAKER,3201,656
1326,LYSAKER,3201,657
1327,LYSAKER,3201,658
1328,HØVIK,3201,659
1329,LOMMEDALEN,3201,660
1330,FORNEBU,3201,661
1331,FORNEBU,3201,662
1332,ØSTERÅS,3201,663
1333,KOLSÅS,3201,664
1334,RYKKINN,3201,665
1335,SNARØYA,3201,666
1336,SANDVIKA,3201,667
1337,SANDVIKA,3201,668
1338,SANDVIKA,3201,669
1339,VØYENENGA,3201,670
1340,SKUI,3201,671
1341,SLEPENDEN,3201,672
1342,GJETTUM,3201,673
1344,HASLUM,3201,674
1346,GJETTUM,3201,675
1348,RYKKINN,3201,676
1349,RYKKINN,3201,677
1350,LOMMEDALEN,3201,678
1351,RUD,3201,679
1352,KOLSÅS,3201,680
1353,BÆRUMS VERK,3201,681
1354,BÆRUMS VERK,3201,682
1356,BEKKESTUA,3201,683
1357,BEKKESTUA,3201,684
1358,JAR,3201,685
1359,EIKSMARKA,3201,686
1360,FORNEBU,3201,687
1361,ØSTERÅS,3201,688
1362,HOSLE,3201,689
1363,HØVIK,3201,690
1364,FORNEBU,3201,691
1365,BLOMMENHOLM,3201,692
1366,LYSAKER,3201,693
1367,SNARØYA,3201,694
1368,STABEKK,3201,695
1369,STABEKK,3201,696
1371,ASKER,3203,697
1372,ASKER,3203,698
1373,ASKER,3203,699
1375,BILLINGSTAD,3203,700
1376,BILLINGSTAD,3203,701
1377,BILLINGSTAD,3203,702
1378,NESBRU,3203,703
1379,NESBRU,3203,704
1380,HEGGEDAL,3203,705
1381,VETTRE,3203,706
1383,ASKER,3203,707
1384,ASKER,3203,708
1385,ASKER,3203,709
1386,ASKER,3203,710
1387,ASKER,3203,711
1388,BORGEN,3203,712
1389,HEGGEDAL,3203,713
1390,VOLLEN,3203,714
1391,VOLLEN,3203,715
1392,VETTRE,3203,716
1393,VOLLEN,3203,717
1394,NESBRU,3203,718
1395,HVALSTAD,3203,719
1396,BILLINGSTAD,3203,720
1397,NESØYA,3203,721
1399,ASKER,3203,722
1400,SKI,3207,723
1401,SKI,3207,724
1402,SKI,3207,725
1403,LANGHUS,3207,726
1404,SIGGERUD,3207,727
1405,LANGHUS,3207,728
1406,SKI,3207,729
1407,VINTERBRO,3218,730
1408,KRÅKSTAD,3207,731
1409,SKOTBU,3207,732
1410,KOLBOTN,3207,733
1411,KOLBOTN,3207,734
1412,SOFIEMYR,3207,735
1413,TÅRNÅSEN,3207,736
1414,TROLLÅSEN,3207,737
1415,OPPEGÅRD,3207,738
1416,OPPEGÅRD,3207,739
1417,SOFIEMYR,3207,740
1418,KOLBOTN,3207,741
1419,OPPEGÅRD,3207,742
1420,SVARTSKOG,3207,743
1421,TROLLÅSEN,3207,744
1422,SIGGERUD,3207,745
1423,SKI,3207,746
1424,SKI,3207,747
1425,SKI,3207,748
1429,VINTERBRO,3218,749
1430,ÅS,3218,750
1431,ÅS,3218,751
1432,ÅS,3218,752
1433,ÅS,3218,753
1434,ÅS,3218,754
1435,ÅS,3218,755
1440,DRØBAK,3214,756
1441,DRØBAK,3214,757
1442,DRØBAK,3214,758
1443,DRØBAK,3214,759
1444,DRØBAK,3214,760
1445,DRØBAK,3214,761
1446,DRØBAK,3214,762
1447,DRØBAK,3214,763
1448,DRØBAK,3214,764
1449,DRØBAK,3214,765
1450,NESODDTANGEN,3212,766
1451,NESODDTANGEN,3212,767
1452,NESODDTANGEN,3212,768
1453,BJØRNEMYR,3212,769
1454,FAGERSTRAND,3212,770
1455,NORDRE FROGN,3214,771
1456,NESODDTANGEN,3212,772
1457,FAGERSTRAND,3212,773
1458,FJELLSTRAND,3212,774
1459,NESODDEN,3212,775
1461,LØRENSKOG,3222,776
1462,FJELLHAMAR,3222,777
1463,FJELLHAMAR,3222,778
1464,FJELLHAMAR,3222,779
1465,STRØMMEN,3205,780
1466,STRØMMEN,3205,781
1467,STRØMMEN,3205,782
1468,FINSTADJORDET,3222,783
1469,RASTA,3222,784
1470,LØRENSKOG,3222,785
1471,LØRENSKOG,3222,786
1472,FJELLHAMAR,3222,787
1473,LØRENSKOG,3222,788
1474,LØRENSKOG,3222,789
1475,FINSTADJORDET,3222,790
1476,RASTA,3222,791
1477,FJELLHAMAR,3222,792
1478,LØRENSKOG,3222,793
1479,KURLAND,3222,794
1480,SLATTUM,3232,795
1481,HAGAN,3232,796
1482,NITTEDAL,3232,797
1483,HAGAN,3232,798
1484,HAKADAL,3232,799
1485,HAKADAL,3232,800
1486,NITTEDAL,3232,801
1487,HAKADAL,3232,802
1488,HAKADAL,3232,803
1501,MOSS,3103,804
1502,MOSS,3103,805
1503,MOSS,3103,806
1504,MOSS,3103,807
1506,MOSS,3103,808
1508,MOSS,3103,809
1509,MOSS,3103,810
1510,MOSS,3103,811
1511,MOSS,3103,812
1512,MOSS,3103,813
1513,MOSS,3103,814
1514,MOSS,3103,815
1515,MOSS,3103,816
1516,MOSS,3103,817
1517,MOSS,3103,818
1518,MOSS,3103,819
1519,MOSS,3103,820
1520,MOSS,3103,821
1521,MOSS,3103,822
1522,MOSS,3103,823
1523,MOSS,3103,824
1524,MOSS,3103,825
1525,MOSS,3103,826
1526,MOSS,3103,827
1528,MOSS,3103,828
1529,MOSS,3103,829
1530,MOSS,3103,830
1531,MOSS,3103,831
1532,MOSS,3103,832
1533,MOSS,3103,833
1534,MOSS,3103,834
1535,MOSS,3103,835
1536,MOSS,3103,836
1537,MOSS,3103,837
1538,MOSS,3103,838
1539,MOSS,3103,839
1540,VESTBY,3216,840
1541,VESTBY,3216,841
1542,VESTBY,3216,842
1543,VESTBY,3216,843
1544,VESTBY,3216,844
1545,HVITSTEN,3216,845
1550,HØLEN,3216,846
1553,SON,3216,847
1554,SON,3216,848
1555,SON,3216,849
1556,SON,3216,850
1560,LARKOLLEN,3103,851
1561,LARKOLLEN,3103,852
1570,DILLING,3103,853
1580,RYGGE,3103,854
1581,RYGGE,3103,855
1590,RYGGE,3103,856
1591,SPERREBOTN,3114,857
1592,VÅLER I ØSTFOLD,3114,858
1593,SVINNDAL,3114,859
1594,VÅLER I ØSTFOLD,3114,860
1596,MOSS,3103,861
1597,MOSS,3103,862
1598,MOSS,3103,863
1599,MOSS,3103,864
1601,FREDRIKSTAD,3107,865
1602,FREDRIKSTAD,3107,866
1604,FREDRIKSTAD,3107,867
1605,FREDRIKSTAD,3107,868
1606,FREDRIKSTAD,3107,869
1607,FREDRIKSTAD,3107,870
1608,FREDRIKSTAD,3107,871
1609,FREDRIKSTAD,3107,872
1610,FREDRIKSTAD,3107,873
1612,FREDRIKSTAD,3107,874
1613,FREDRIKSTAD,3107,875
1614,FREDRIKSTAD,3107,876
1615,FREDRIKSTAD,3107,877
1616,FREDRIKSTAD,3107,878
1617,FREDRIKSTAD,3107,879
1618,FREDRIKSTAD,3107,880
1619,FREDRIKSTAD,3107,881
1620,GRESSVIK,3107,882
1621,GRESSVIK,3107,883
1622,GRESSVIK,3107,884
1623,GRESSVIK,3107,885
1624,GRESSVIK,3107,886
1625,MANSTAD,3107,887
1626,MANSTAD,3107,888
1628,ENGELSVIKEN,3107,889
1629,GAMLE FREDRIKSTAD,3107,890
1630,GAMLE FREDRIKSTAD,3107,891
1632,GAMLE FREDRIKSTAD,3107,892
1633,GAMLE FREDRIKSTAD,3107,893
1634,GAMLE FREDRIKSTAD,3107,894
1636,GAMLE FREDRIKSTAD,3107,895
1637,GAMLE FREDRIKSTAD,3107,896
1638,GAMLE FREDRIKSTAD,3107,897
1639,GAMLE FREDRIKSTAD,3107,898
1640,RÅDE,3112,899
1641,RÅDE,3112,900
1642,SALTNES,3112,901
1643,RÅDE,3112,902
1650,SELLEBAKK,3107,903
1651,SELLEBAKK,3107,904
1653,SELLEBAKK,3107,905
1654,SELLEBAKK,3107,906
1655,SELLEBAKK,3107,907
1657,TORP,3107,908
1658,TORP,3107,909
1659,TORP,3107,910
1661,ROLVSØY,3107,911
1662,ROLVSØY,3107,912
1663,ROLVSØY,3107,913
1664,ROLVSØY,3107,914
1665,ROLVSØY,3107,915
1666,ROLVSØY,3107,916
1667,ROLVSØY,3107,917
1670,KRÅKERØY,3107,918
1671,KRÅKERØY,3107,919
1672,KRÅKERØY,3107,920
1673,KRÅKERØY,3107,921
1675,KRÅKERØY,3107,922
1676,KRÅKERØY,3107,923
1678,KRÅKERØY,3107,924
1679,KRÅKERØY,3107,925
1680,SKJÆRHALDEN,3110,926
1682,SKJÆRHALDEN,3110,927
1683,VESTERØY,3110,928
1684,VESTERØY,3110,929
1690,HERFØL,3110,930
1692,NEDGÅRDEN,3110,931
1701,SARPSBORG,3105,932
1702,SARPSBORG,3105,933
1703,SARPSBORG,3105,934
1704,SARPSBORG,3105,935
1705,SARPSBORG,3105,936
1706,SARPSBORG,3105,937
1707,SARPSBORG,3105,938
1708,SARPSBORG,3105,939
1709,SARPSBORG,3105,940
1710,SARPSBORG,3105,941
1711,SARPSBORG,3105,942
1712,GRÅLUM,3105,943
1713,GRÅLUM,3105,944
1714,GRÅLUM,3105,945
1715,YVEN,3105,946
1718,GREÅKER,3105,947
1719,GREÅKER,3105,948
1720,GREÅKER,3105,949
1721,SARPSBORG,3105,950
1722,SARPSBORG,3105,951
1723,SARPSBORG,3105,952
1724,SARPSBORG,3105,953
1725,SARPSBORG,3105,954
1726,SARPSBORG,3105,955
1727,SARPSBORG,3105,956
1730,ISE,3105,957
1733,HAFSLUNDSØY,3105,958
1734,HAFSLUNDSØY,3105,959
1735,VARTEIG,3105,960
1738,BORGENHAUGEN,3105,961
1739,BORGENHAUGEN,3105,962
1740,BORGENHAUGEN,3105,963
1742,KLAVESTADHAUGEN,3105,964
1743,KLAVESTADHAUGEN,3105,965
1745,SKJEBERG,3105,966
1746,SKJEBERG,3105,967
1747,SKJEBERG,3105,968
1751,HALDEN,3101,969
1752,HALDEN,3101,970
1753,HALDEN,3101,971
1754,HALDEN,3101,972
1757,HALDEN,3101,973
1759,HALDEN,3101,974
1760,HALDEN,3101,975
1761,HALDEN,3101,976
1762,HALDEN,3101,977
1763,HALDEN,3101,978
1764,HALDEN,3101,979
1765,HALDEN,3101,980
1766,HALDEN,3101,981
1767,HALDEN,3101,982
1768,HALDEN,3101,983
1769,HALDEN,3101,984
1771,HALDEN,3101,985
1772,HALDEN,3101,986
1776,HALDEN,3101,987
1777,HALDEN,3101,988
1778,HALDEN,3101,989
1779,HALDEN,3101,990
1781,HALDEN,3101,991
1782,HALDEN,3101,992
1783,HALDEN,3101,993
1784,HALDEN,3101,994
1785,HALDEN,3101,995
1786,HALDEN,3101,996
1787,HALDEN,3101,997
1788,HALDEN,3101,998
1789,BERG I ØSTFOLD,3101,999
1790,TISTEDAL,3101,1000
1791,TISTEDAL,3101,1001
1792,TISTEDAL,3101,1002
1793,TISTEDAL,3101,1003
1794,SPONVIKA,3101,1004
1796,KORNSJØ,3101,1005
1798,AREMARK,3124,1006
1799,AREMARK,3124,1007
1801,ASKIM,3118,1008
1802,ASKIM,3118,1009
1803,ASKIM,3118,1010
1804,SPYDEBERG,3118,1011
1805,TOMTER,3118,1012
1806,SKIPTVET,3116,1013
1807,ASKIM,3118,1014
1808,ASKIM,3118,1015
1809,ASKIM,3118,1016
1811,ASKIM,3118,1017
1812,ASKIM,3118,1018
1813,ASKIM,3118,1019
1814,ASKIM,3118,1020
1815,ASKIM,3118,1021
1816,SKIPTVET,3116,1022
1820,SPYDEBERG,3118,1023
1821,SPYDEBERG,3118,1024
1823,KNAPSTAD,3118,1025
1825,TOMTER,3118,1026
1827,HOBØL,3118,1027
1828,HOBØL,3118,1028
1830,ASKIM,3118,1029
1831,ASKIM,3118,1030
1832,ASKIM,3118,1031
1833,ASKIM,3118,1032
1850,MYSEN,3118,1033
1851,MYSEN,3118,1034
1852,MYSEN,3118,1035
1859,SLITU,3118,1036
1860,TRØGSTAD,3118,1037
1861,TRØGSTAD,3118,1038
1866,BÅSTAD,3118,1039
1867,BÅSTAD,3118,1040
1870,ØRJE,3122,1041
1871,ØRJE,3122,1042
1875,OTTEID,3122,1043
1878,HÆRLAND,3118,1044
1880,EIDSBERG,3118,1045
1890,RAKKESTAD,3120,1046
1891,RAKKESTAD,3120,1047
1892,DEGERNES,3120,1048
1893,DEGERNES,3120,1049
1894,RAKKESTAD,3120,1050
1900,FETSUND,3205,1051
1901,FETSUND,3205,1052
1903,GAN,3205,1053
1910,ENEBAKKNESET,3205,1054
1911,FLATEBY,3220,1055
1912,ENEBAKK,3220,1056
1914,YTRE ENEBAKK,3220,1057
1916,FLATEBY,3220,1058
1917,YTRE ENEBAKK,3220,1059
1920,SØRUMSAND,3205,1060
1921,SØRUMSAND,3205,1061
1923,SØRUM,3205,1062
1924,SØRUM,3205,1063
1925,BLAKER,3205,1064
1926,BLAKER,3205,1065
1927,RÅNÅSFOSS,3228,1066
1928,AULI,3228,1067
1929,AULI,3228,1068
1930,AURSKOG,3226,1069
1931,AURSKOG,3226,1070
1940,BJØRKELANGEN,3226,1071
1941,BJØRKELANGEN,3226,1072
1950,RØMSKOG,3226,1073
1951,RØMSKOG,3226,1074
1954,SETSKOG,3226,1075
1960,LØKEN,3226,1076
1961,LØKEN,3226,1077
1963,FOSSER,3226,1078
1970,HEMNES,3226,1079
1971,HEMNES,3226,1080
2000,LILLESTRØM,3205,1081
2001,LILLESTRØM,3205,1082
2003,LILLESTRØM,3205,1083
2004,LILLESTRØM,3205,1084
2005,RÆLINGEN,3224,1085
2006,LØVENSTAD,3224,1086
2007,KJELLER,3205,1087
2008,FJERDINGBY,3224,1088
2009,NORDBY,3224,1089
2010,STRØMMEN,3205,1090
2011,STRØMMEN,3205,1091
2012,LILLESTRØM,3205,1092
2013,SKJETTEN,3205,1093
2014,BLYSTADLIA,3224,1094
2015,LEIRSUND,3205,1095
2016,FROGNER,3205,1096
2017,FROGNER,3205,1097
2018,LØVENSTAD,3224,1098
2019,SKEDSMOKORSET,3205,1099
2020,SKEDSMOKORSET,3205,1100
2021,SKEDSMOKORSET,3205,1101
2022,GJERDRUM,3230,1102
2023,SKEDSMOKORSET,3205,1103
2024,GJERDRUM,3230,1104
2025,FJERDINGBY,3224,1105
2026,SKJETTEN,3205,1106
2027,KJELLER,3205,1107
2028,LILLESTRØM,3205,1108
2029,RÆLINGEN,3224,1109
2030,NANNESTAD,3238,1110
2031,NANNESTAD,3238,1111
2032,MAURA,3238,1112
2033,ÅSGREINA,3238,1113
2034,HOLTER,3238,1114
2035,HOLTER,3238,1115
2036,MAURA,3238,1116
2040,KLØFTA,3209,1117
2041,KLØFTA,3209,1118
2050,JESSHEIM,3209,1119
2051,JESSHEIM,3209,1120
2052,JESSHEIM,3209,1121
2053,JESSHEIM,3209,1122
2054,MOGREINA,3209,1123
2055,NORDKISA,3209,1124
2056,ALGARHEIM,3209,1125
2057,JESSHEIM,3209,1126
2058,SESSVOLLMOEN,3209,1127
2060,GARDERMOEN,3209,1128
2061,GARDERMOEN,3209,1129
2062,JESSHEIM,3209,1130
2063,JESSHEIM,3209,1131
2066,JESSHEIM,3209,1132
2067,JESSHEIM,3209,1133
2068,JESSHEIM,3209,1134
2069,JESSHEIM,3209,1135
2070,RÅHOLT,3240,1136
2071,RÅHOLT,3240,1137
2072,DAL,3240,1138
2073,BØN,3240,1139
2074,EIDSVOLL VERK,3240,1140
2076,DAL,3240,1141
2080,EIDSVOLL,3240,1142
2081,EIDSVOLL,3240,1143
2090,HURDAL,3242,1144
2091,HURDAL,3242,1145
2092,MINNESUND,3240,1146
2093,FEIRING,3240,1147
2094,MINNESUND,3240,1148
2100,SKARNES,3415,1149
2101,SKARNES,3415,1150
2110,SLÅSTAD,3415,1151
2114,DISENÅ,3415,1152
2116,SANDER,3415,1153
2120,SAGSTUA,3414,1154
2121,SAGSTUA,3414,1155
2123,BRUVOLL,3414,1156
2130,KNAPPER,3414,1157
2132,GARDVIK,3414,1158
2133,GARDVIK,3414,1159
2134,AUSTVATN,3414,1160
2150,ÅRNES,3228,1161
2151,ÅRNES,3228,1162
2160,VORMSUND,3228,1163
2161,VORMSUND,3228,1164
2162,BRÅRUD,3228,1165
2163,SKOGBYGDA,3228,1166
2164,SKOGBYGDA,3228,1167
2165,HVAM,3228,1168
2166,OPPAKER,3228,1169
2167,HVAM,3228,1170
2170,FENSTAD,3228,1171
2201,KONGSVINGER,3401,1172
2202,KONGSVINGER,3401,1173
2203,KONGSVINGER,3401,1174
2204,KONGSVINGER,3401,1175
2205,KONGSVINGER,3401,1176
2206,KONGSVINGER,3401,1177
2207,KONGSVINGER,3401,1178
2208,KONGSVINGER,3401,1179
2209,KONGSVINGER,3401,1180
2210,GRANLI,3401,1181
2211,KONGSVINGER,3401,1182
2212,KONGSVINGER,3401,1183
2213,KONGSVINGER,3401,1184
2214,KONGSVINGER,3401,1185
2215,ROVERUD,3401,1186
2216,ROVERUD,3401,1187
2217,HOKKÅSEN,3401,1188
2218,LUNDERSÆTER,3401,1189
2219,BRANDVAL,3401,1190
2220,ÅBOGEN,3416,1191
2223,GALTERUD,3415,1192
2224,AUSTMARKA,3401,1193
2225,KONGSVINGER,3401,1194
2226,KONGSVINGER,3401,1195
2227,AUSTMARKA,3401,1196
2230,SKOTTERUD,3416,1197
2231,SKOTTERUD,3416,1198
2232,TOBØL,3416,1199
2233,VESTMARKA,3416,1200
2235,MATRAND,3416,1201
2240,MAGNOR,3416,1202
2241,MAGNOR,3416,1203
2251,GRUE FINNSKOG,3417,1204
2256,GRUE FINNSKOG,3417,1205
2260,KIRKENÆR,3417,1206
2261,KIRKENÆR,3417,1207
2264,GRINDER,3417,1208
2265,NAMNÅ,3417,1209
2266,ARNEBERG,3418,1210
2270,FLISA,3418,1211
2271,FLISA,3418,1212
2280,GJESÅSEN,3418,1213
2283,ÅSNES FINNSKOG,3418,1214
2301,HAMAR,3403,1215
2302,HAMAR,3403,1216
2303,HAMAR,3403,1217
2304,HAMAR,3403,1218
2305,HAMAR,3403,1219
2306,HAMAR,3403,1220
2307,HAMAR,3403,1221
2308,HAMAR,3403,1222
2309,HAMAR,3403,1223
2311,HAMAR,3403,1224
2312,OTTESTAD,3413,1225
2313,OTTESTAD,3413,1226
2314,OTTESTAD,3413,1227
2315,HAMAR,3403,1228
2316,HAMAR,3403,1229
2317,HAMAR,3403,1230
2318,HAMAR,3403,1231
2319,HAMAR,3403,1232
2320,FURNES,3411,1233
2321,HAMAR,3403,1234
2322,RIDABU,3403,1235
2323,INGEBERG,3403,1236
2324,VANG PÅ HEDMARKEN,3403,1237
2325,HAMAR,3403,1238
2326,HAMAR,3403,1239
2327,FURNES,3411,1240
2328,RIDABU,3403,1241
2329,VANG PÅ HEDMARKEN,3403,1242
2330,VALLSET,3413,1243
2331,VALLSET,3413,1244
2332,ÅSVANG,3413,1245
2333,ROMEDAL,3413,1246
2334,ROMEDAL,3413,1247
2335,STANGE,3413,1248
2336,STANGE,3413,1249
2337,TANGEN,3413,1250
2338,ESPA,3413,1251
2339,TANGEN,3413,1252
2340,LØTEN,3412,1253
2341,LØTEN,3412,1254
2344,ILSENG,3413,1255
2345,ÅDALSBRUK,3412,1256
2346,ILSENG,3413,1257
2350,NES PÅ HEDMARKEN,3411,1258
2351,NES PÅ HEDMARKEN,3411,1259
2353,STAVSJØ,3411,1260
2355,GAUPEN,3411,1261
2360,RUDSHØGDA,3411,1262
2361,RUDSHØGDA,3411,1263
2364,NÆROSET,3411,1264
2365,ÅSMARKA,3411,1265
2372,BRØTTUM,3411,1266
2373,BRØTTUM,3411,1267
2380,BRUMUNDDAL,3411,1268
2381,BRUMUNDDAL,3411,1269
2382,BRUMUNDDAL,3411,1270
2383,BRUMUNDDAL,3411,1271
2384,BRUMUNDDAL,3411,1272
2385,BRUMUNDDAL,3411,1273
2386,BRUMUNDDAL,3411,1274
2387,BRUMUNDDAL,3411,1275
2388,BRUMUNDDAL,3411,1276
2389,BRUMUNDDAL,3411,1277
2390,MOELV,3411,1278
2391,MOELV,3411,1279
2401,ELVERUM,3420,1280
2402,ELVERUM,3420,1281
2403,ELVERUM,3420,1282
2405,ELVERUM,3420,1283
2406,ELVERUM,3420,1284
2407,ELVERUM,3420,1285
2408,ELVERUM,3420,1286
2409,ELVERUM,3420,1287
2410,HERNES,3420,1288
2411,ELVERUM,3420,1289
2412,SØRSKOGBYGDA,3420,1290
2413,ELVERUM,3420,1291
2414,ELVERUM,3420,1292
2415,HERADSBYGD,3420,1293
2416,JØMNA,3420,1294
2417,ELVERUM,3420,1295
2418,ELVERUM,3420,1296
2419,ELVERUM,3420,1297
2420,TRYSIL,3421,1298
2421,TRYSIL,3421,1299
2422,NYBERGSUND,3421,1300
2423,ØSTBY,3421,1301
2424,ØSTBY,3421,1302
2425,LJØRDALEN,3421,1303
2426,LJØRDALEN,3421,1304
2427,PLASSEN,3421,1305
2428,SØRE OSEN,3421,1306
2429,TØRBERGET,3421,1307
2430,JORDET,3421,1308
2432,SLETTÅS,3421,1309
2434,BRASKEREIDFOSS,3419,1310
2435,BRASKEREIDFOSS,3419,1311
2436,VÅLER I SOLØR,3419,1312
2437,HASLEMOEN,3419,1313
2438,GRAVBERGET,3419,1314
2440,ENGERDAL,3425,1315
2441,ENGERDAL,3425,1316
2442,HERADSBYGD,3420,1317
2443,DREVSJØ,3425,1318
2444,DREVSJØ,3425,1319
2446,ELGÅ,3425,1320
2447,SØRE OSEN,3421,1321
2448,SØMÅDALEN,3425,1322
2450,RENA,3422,1323
2451,RENA,3422,1324
2460,OSEN,3422,1325
2461,OSEN,3422,1326
2476,ATNA,3423,1327
2477,SOLLIA,3423,1328
2478,HANESTAD,3424,1329
2480,KOPPANG,3423,1330
2481,KOPPANG,3423,1331
2484,RENDALEN,3424,1332
2485,RENDALEN,3424,1333
2486,RENDALEN,3424,1334
2487,RENDALEN,3424,1335
2488,RENDALEN,3424,1336
2500,TYNSET,3427,1337
2501,TYNSET,3427,1338
2510,TYLLDALEN,3427,1339
2512,KVIKNE,3427,1340
2540,TOLGA,3426,1341
2541,TOLGA,3426,1342
2542,VINGELEN,3426,1343
2544,ØVERSJØDALEN,3426,1344
2550,OS I ØSTERDALEN,3430,1345
2551,OS I ØSTERDALEN,3430,1346
2552,DALSBYGDA,3430,1347
2555,TUFSINGDALEN,3430,1348
2560,ALVDAL,3428,1349
2561,ALVDAL,3428,1350
2580,FOLLDAL,3429,1351
2581,FOLLDAL,3429,1352
2582,GRIMSBU,3429,1353
2584,DALHOLEN,3429,1354
2601,LILLEHAMMER,3405,1355
2602,LILLEHAMMER,3405,1356
2603,LILLEHAMMER,3405,1357
2604,LILLEHAMMER,3405,1358
2605,LILLEHAMMER,3405,1359
2606,LILLEHAMMER,3405,1360
2607,VINGROM,3405,1361
2608,LILLEHAMMER,3405,1362
2609,LILLEHAMMER,3405,1363
2610,MESNALI,3411,1364
2611,LILLEHAMMER,3405,1365
2612,SJUSJØEN,3411,1366
2613,LILLEHAMMER,3405,1367
2614,LILLEHAMMER,3405,1368
2615,LILLEHAMMER,3405,1369
2616,LISMARKA,3411,1370
2617,LILLEHAMMER,3405,1371
2618,LILLEHAMMER,3405,1372
2619,LILLEHAMMER,3405,1373
2620,MESNALI,3411,1374
2621,VINGROM,3405,1375
2622,LILLEHAMMER,3405,1376
2623,LILLEHAMMER,3405,1377
2624,LILLEHAMMER,3405,1378
2625,FÅBERG,3405,1379
2626,LILLEHAMMER,3405,1380
2627,FÅBERG,3405,1381
2628,SJUSJØEN,3411,1382
2629,LILLEHAMMER,3405,1383
2630,RINGEBU,3439,1384
2631,RINGEBU,3439,1385
2632,VENABYGD,3439,1386
2633,FÅVANG,3439,1387
2634,FÅVANG,3439,1388
2635,TRETTEN,3440,1389
2636,ØYER,3440,1390
2637,ØYER,3440,1391
2638,TRETTEN,3440,1392
2639,VINSTRA,3436,1393
2640,VINSTRA,3436,1394
2641,KVAM,3436,1395
2642,KVAM,3436,1396
2643,SKÅBU,3436,1397
2644,SKÅBU,3436,1398
2646,GÅLÅ,3438,1399
2647,SØR-FRON,3438,1400
2649,ØSTRE GAUSDAL,3441,1401
2651,ØSTRE GAUSDAL,3441,1402
2652,SVINGVOLL,3441,1403
2653,VESTRE GAUSDAL,3441,1404
2654,VESTRE GAUSDAL,3441,1405
2656,FOLLEBU,3441,1406
2657,SVATSUM,3441,1407
2658,ESPEDALEN,3438,1408
2659,DOMBÅS,3431,1409
2660,DOMBÅS,3431,1410
2661,HJERKINN,3431,1411
2662,DOVRE,3431,1412
2663,DOVRESKOGEN,3431,1413
2664,DOVRE,3431,1414
2665,LESJA,3432,1415
2666,LORA,3432,1416
2667,LESJAVERK,3432,1417
2668,LESJASKOG,3432,1418
2669,BJORLI,3432,1419
2670,OTTA,3437,1420
2671,LESJA,3432,1421
2672,SEL,3437,1422
2673,HØVRINGEN,3437,1423
2674,MYSUSÆTER,3437,1424
2675,OTTA,3437,1425
2676,HEIDAL,3437,1426
2677,NEDRE HEIDAL,3437,1427
2678,SEL,3437,1428
2680,VÅGÅ,3435,1429
2681,LALM,3435,1430
2682,LALM,3435,1431
2683,TESSANDEN,3435,1432
2684,VÅGÅ,3435,1433
2685,GARMO,3434,1434
2686,LOM,3434,1435
2687,BØVERDALEN,3434,1436
2688,LOM,3434,1437
2690,SKJÅK,3433,1438
2693,NORDBERG,3433,1439
2694,SKJÅK,3433,1440
2695,GROTLI,3433,1441
2711,GRAN,3446,1442
2712,BRANDBU,3446,1443
2713,ROA,3234,1444
2714,JAREN,3446,1445
2715,LUNNER,3234,1446
2716,HARESTUA,3234,1447
2717,GRUA,3234,1448
2718,BRANDBU,3446,1449
2720,GRINDVOLL,3234,1450
2730,LUNNER,3234,1451
2740,ROA,3234,1452
2742,GRUA,3234,1453
2743,HARESTUA,3234,1454
2750,GRAN,3446,1455
2760,BRANDBU,3446,1456
2770,JAREN,3446,1457
2801,GJØVIK,3407,1458
2802,GJØVIK,3407,1459
2803,GJØVIK,3407,1460
2804,GJØVIK,3407,1461
2805,GJØVIK,3407,1462
2806,GJØVIK,3407,1463
2807,HUNNDALEN,3407,1464
2808,GJØVIK,3407,1465
2810,GJØVIK,3407,1466
2811,HUNNDALEN,3407,1467
2812,GJØVIK,3407,1468
2815,GJØVIK,3407,1469
2816,GJØVIK,3407,1470
2817,GJØVIK,3407,1471
2818,GJØVIK,3407,1472
2819,GJØVIK,3407,1473
2820,NORDRE TOTEN,3442,1474
2821,GJØVIK,3407,1475
2822,BYBRUA,3407,1476
2825,GJØVIK,3407,1477
2827,HUNNDALEN,3407,1478
2830,RAUFOSS,3443,1479
2831,RAUFOSS,3443,1480
2832,BIRI,3407,1481
2833,RAUFOSS,3443,1482
2834,RAUFOSS,3443,1483
2835,RAUFOSS,3443,1484
2836,BIRI,3407,1485
2837,BIRISTRAND,3407,1486
2838,SNERTINGDAL,3407,1487
2839,ØVRE SNERTINGDAL,3407,1488
2840,REINSVOLL,3443,1489
2841,SNERTINGDAL,3407,1490
2843,EINA,3443,1491
2844,KOLBU,3442,1492
2845,BØVERBRU,3443,1493
2846,BØVERBRU,3443,1494
2847,KOLBU,3442,1495
2848,SKREIA,3442,1496
2849,KAPP,3442,1497
2850,LENA,3442,1498
2851,LENA,3442,1499
2853,REINSVOLL,3443,1500
2854,EINA,3443,1501
2857,SKREIA,3442,1502
2858,KAPP,3442,1503
2860,HOV,3447,1504
2861,LANDÅSBYGDA,3447,1505
2862,FLUBERG,3447,1506
2863,VESTSIDA,3447,1507
2864,FALL,3447,1508
2866,ENGER,3447,1509
2867,HOV,3447,1510
2870,DOKKA,3448,1511
2879,ODNES,3447,1512
2880,NORD-TORPA,3448,1513
2881,AUST-TORPA,3448,1514
2882,DOKKA,3448,1515
2890,ETNEDAL,3450,1516
2893,ETNEDAL,3450,1517
2900,FAGERNES,3451,1518
2901,FAGERNES,3451,1519
2907,LEIRA I VALDRES,3451,1520
2909,AURDAL,3451,1521
2910,AURDAL,3451,1522
2917,SKRAUTVÅL,3451,1523
2918,ULNES,3451,1524
2920,LEIRA I VALDRES,3451,1525
2923,TISLEIDALEN,3451,1526
2929,BAGN,3449,1527
2930,BAGN,3449,1528
2933,REINLI,3449,1529
2936,BEGNADALEN,3449,1530
2937,BEGNA,3449,1531
2939,HEGGENES,3453,1532
2940,HEGGENES,3453,1533
2943,ROGNE,3453,1534
2950,SKAMMESTEIN,3453,1535
2952,BEITO,3453,1536
2953,BEITOSTØLEN,3453,1537
2954,BEITOSTØLEN,3453,1538
2959,RØN,3452,1539
2960,RØN,3452,1540
2965,SLIDRE,3452,1541
2966,SLIDRE,3452,1542
2967,LOMEN,3452,1543
2972,RYFOSS,3454,1544
2973,RYFOSS,3454,1545
2974,VANG I VALDRES,3454,1546
2975,VANG I VALDRES,3454,1547
2977,ØYE,3454,1548
2985,TYINKRYSSET,3454,1549
3001,DRAMMEN,3301,1550
3002,DRAMMEN,3301,1551
3003,DRAMMEN,3301,1552
3004,DRAMMEN,3301,1553
3005,DRAMMEN,3301,1554
3006,DRAMMEN,3301,1555
3007,DRAMMEN,3301,1556
3008,DRAMMEN,3301,1557
3009,DRAMMEN,3301,1558
3010,DRAMMEN,3301,1559
3011,DRAMMEN,3301,1560
3012,DRAMMEN,3301,1561
3013,DRAMMEN,3301,1562
3014,DRAMMEN,3301,1563
3015,DRAMMEN,3301,1564
3016,DRAMMEN,3301,1565
3017,DRAMMEN,3301,1566
3018,DRAMMEN,3301,1567
3019,DRAMMEN,3301,1568
3021,DRAMMEN,3301,1569
3022,DRAMMEN,3301,1570
3023,DRAMMEN,3301,1571
3024,DRAMMEN,3301,1572
3025,DRAMMEN,3301,1573
3026,DRAMMEN,3301,1574
3027,DRAMMEN,3301,1575
3028,DRAMMEN,3301,1576
3029,DRAMMEN,3301,1577
3030,DRAMMEN,3301,1578
3031,DRAMMEN,3301,1579
3032,DRAMMEN,3301,1580
3033,DRAMMEN,3301,1581
3034,DRAMMEN,3301,1582
3035,DRAMMEN,3301,1583
3036,DRAMMEN,3301,1584
3037,DRAMMEN,3301,1585
3038,DRAMMEN,3301,1586
3039,DRAMMEN,3301,1587
3040,DRAMMEN,3301,1588
3041,DRAMMEN,3301,1589
3042,DRAMMEN,3301,1590
3043,DRAMMEN,3301,1591
3044,DRAMMEN,3301,1592
3045,DRAMMEN,3301,1593
3046,DRAMMEN,3301,1594
3047,DRAMMEN,3301,1595
3048,DRAMMEN,3301,1596
3050,MJØNDALEN,3301,1597
3051,MJØNDALEN,3301,1598
3053,STEINBERG,3301,1599
3054,KROKSTADELVA,3301,1600
3055,KROKSTADELVA,3301,1601
3056,SOLBERGELVA,3301,1602
3057,SOLBERGELVA,3301,1603
3058,SOLBERGMOEN,3301,1604
3060,SVELVIK,3301,1605
3061,SVELVIK,3301,1606
3063,DRAMMEN,3301,1607
3064,DRAMMEN,3301,1608
3065,DRAMMEN,3301,1609
3066,DRAMMEN,3301,1610
3070,SANDE I VESTFOLD,3903,1611
3071,SANDE I VESTFOLD,3903,1612
3072,SANDE I VESTFOLD,3903,1613
3073,SANDE I VESTFOLD,3903,1614
3074,SANDE I VESTFOLD,3903,1615
3075,BERGER,3301,1616
3076,SANDE I VESTFOLD,3903,1617
3077,SANDE I VESTFOLD,3903,1618
3080,HOLMESTRAND,3903,1619
3081,HOLMESTRAND,3903,1620
3082,HOLMESTRAND,3903,1621
3083,HOLMESTRAND,3903,1622
3084,HOLMESTRAND,3903,1623
3085,HOLMESTRAND,3903,1624
3086,HOLMESTRAND,3903,1625
3087,HOLMESTRAND,3903,1626
3088,HOLMESTRAND,3903,1627
3089,HOLMESTRAND,3903,1628
3090,HOF,3903,1629
3091,HOF,3903,1630
3092,SUNDBYFOSS,3903,1631
3095,EIDSFOSS,3903,1632
3101,TØNSBERG,3905,1633
3103,TØNSBERG,3905,1634
3104,TØNSBERG,3905,1635
3105,TØNSBERG,3905,1636
3106,NØTTERØY,3911,1637
3107,SEM,3905,1638
3108,VEAR,3905,1639
3109,TØNSBERG,3905,1640
3110,TØNSBERG,3905,1641
3111,TØNSBERG,3905,1642
3112,TØNSBERG,3905,1643
3113,TØNSBERG,3905,1644
3114,TØNSBERG,3905,1645
3115,TØNSBERG,3905,1646
3116,TØNSBERG,3905,1647
3117,TØNSBERG,3905,1648
3118,TØNSBERG,3905,1649
3119,TØNSBERG,3905,1650
3120,NØTTERØY,3911,1651
3121,NØTTERØY,3911,1652
3122,TØNSBERG,3905,1653
3123,TØNSBERG,3905,1654
3124,TØNSBERG,3905,1655
3125,TØNSBERG,3905,1656
3126,TØNSBERG,3905,1657
3127,TØNSBERG,3905,1658
3128,NØTTERØY,3911,1659
3129,TØNSBERG,3905,1660
3131,HUSØYSUND,3911,1661
3132,HUSØYSUND,3911,1662
3133,DUKEN,3911,1663
3134,TØNSBERG,3905,1664
3135,TORØD,3911,1665
3137,TORØD,3911,1666
3138,SKALLESTAD,3911,1667
3139,SKALLESTAD,3911,1668
3140,NØTTERØY,3911,1669
3141,KJØPMANNSKJÆR,3911,1670
3142,VESTSKOGEN,3911,1671
3143,KJØPMANNSKJÆR,3911,1672
3144,VEIERLAND,3911,1673
3145,TJØME,3911,1674
3148,HVASSER,3911,1675
3150,TOLVSRØD,3905,1676
3151,TOLVSRØD,3905,1677
3152,TOLVSRØD,3905,1678
3153,TOLVSRØD,3905,1679
3154,TOLVSRØD,3905,1680
3156,MELSOMVIK,3907,1681
3157,BARKÅKER,3905,1682
3158,ANDEBU,3907,1683
3159,MELSOMVIK,3907,1684
3160,STOKKE,3907,1685
3161,STOKKE,3907,1686
3162,ANDEBU,3907,1687
3163,NØTTERØY,3911,1688
3164,REVETAL,3905,1689
3165,TJØME,3911,1690
3166,TOLVSRØD,3905,1691
3167,ÅSGÅRDSTRAND,3901,1692
3170,SEM,3905,1693
3171,SEM,3905,1694
3172,VEAR,3905,1695
3173,VEAR,3905,1696
3174,REVETAL,3905,1697
3175,RAMNES,3905,1698
3176,UNDRUMSDAL,3905,1699
3177,VÅLE,3905,1700
3178,VÅLE,3905,1701
3179,ÅSGÅRDSTRAND,3901,1702
3180,NYKIRKE,3901,1703
3181,HORTEN,3901,1704
3182,HORTEN,3901,1705
3183,HORTEN,3901,1706
3184,BORRE,3901,1707
3185,SKOPPUM,3901,1708
3186,HORTEN,3901,1709
3187,HORTEN,3901,1710
3188,HORTEN,3901,1711
3189,HORTEN,3901,1712
3191,HORTEN,3901,1713
3192,HORTEN,3901,1714
3193,HORTEN,3901,1715
3194,HORTEN,3901,1716
3195,SKOPPUM,3901,1717
3196,HORTEN,3901,1718
3197,NYKIRKE,3901,1719
3199,BORRE,3901,1720
3201,SANDEFJORD,3907,1721
3202,SANDEFJORD,3907,1722
3203,SANDEFJORD,3907,1723
3204,SANDEFJORD,3907,1724
3205,SANDEFJORD,3907,1725
3206,SANDEFJORD,3907,1726
3207,SANDEFJORD,3907,1727
3208,SANDEFJORD,3907,1728
3209,SANDEFJORD,3907,1729
3210,SANDEFJORD,3907,1730
3211,SANDEFJORD,3907,1731
3212,SANDEFJORD,3907,1732
3213,SANDEFJORD,3907,1733
3214,SANDEFJORD,3907,1734
3215,SANDEFJORD,3907,1735
3216,SANDEFJORD,3907,1736
3217,SANDEFJORD,3907,1737
3218,SANDEFJORD,3907,1738
3219,SANDEFJORD,3907,1739
3220,SANDEFJORD,3907,1740
3221,SANDEFJORD,3907,1741
3222,SANDEFJORD,3907,1742
3223,SANDEFJORD,3907,1743
3224,SANDEFJORD,3907,1744
3225,SANDEFJORD,3907,1745
3226,SANDEFJORD,3907,1746
3227,SANDEFJORD,3907,1747
3228,SANDEFJORD,3907,1748
3229,SANDEFJORD,3907,1749
3230,SANDEFJORD,3907,1750
3231,SANDEFJORD,3907,1751
3232,SANDEFJORD,3907,1752
3233,SANDEFJORD,3907,1753
3234,SANDEFJORD,3907,1754
3235,SANDEFJORD,3907,1755
3236,SANDEFJORD,3907,1756
3237,SANDEFJORD,3907,1757
3238,SANDEFJORD,3907,1758
3239,SANDEFJORD,3907,1759
3240,SANDEFJORD,3907,1760
3241,SANDEFJORD,3907,1761
3242,SANDEFJORD,3907,1762
3243,KODAL,3907,1763
3244,SANDEFJORD,3907,1764
3245,KODAL,3907,1765
3246,SANDEFJORD,3907,1766
3247,SANDEFJORD,3907,1767
3248,SANDEFJORD,3907,1768
3249,SANDEFJORD,3907,1769
3251,LARVIK,3909,1770
3252,LARVIK,3909,1771
3253,LARVIK,3909,1772
3254,LARVIK,3909,1773
3255,LARVIK,3909,1774
3256,LARVIK,3909,1775
3257,LARVIK,3909,1776
3258,LARVIK,3909,1777
3259,LARVIK,3909,1778
3260,LARVIK,3909,1779
3261,LARVIK,3909,1780
3262,LARVIK,3909,1781
3263,LARVIK,3909,1782
3264,LARVIK,3909,1783
3265,LARVIK,3909,1784
3267,LARVIK,3909,1785
3268,LARVIK,3909,1786
3269,LARVIK,3909,1787
3270,LARVIK,3909,1788
3271,LARVIK,3909,1789
3274,LARVIK,3909,1790
3275,SVARSTAD,3909,1791
3276,SVARSTAD,3909,1792
3277,STEINSHOLT,3909,1793
3280,TJODALYNG,3909,1794
3281,TJODALYNG,3909,1795
3282,KVELDE,3909,1796
3284,KVELDE,3909,1797
3285,LARVIK,3909,1798
3290,STAVERN,3909,1799
3291,STAVERN,3909,1800
3292,STAVERN,3909,1801
3294,STAVERN,3909,1802
3295,HELGEROA,3909,1803
3296,NEVLUNGHAVN,3909,1804
3297,HELGEROA,3909,1805
3300,HOKKSUND,3314,1806
3301,HOKKSUND,3314,1807
3302,HOKKSUND,3314,1808
3303,HOKKSUND,3314,1809
3320,VESTFOSSEN,3314,1810
3321,VESTFOSSEN,3314,1811
3322,FISKUM,3314,1812
3330,SKOTSELV,3314,1813
3331,SKOTSELV,3314,1814
3340,ÅMOT,3316,1815
3341,ÅMOT,3316,1816
3342,ÅMOT,3316,1817
3350,PRESTFOSS,3332,1818
3351,PRESTFOSS,3332,1819
3355,SOLUMSMOEN,3332,1820
3357,EGGEDAL,3332,1821
3358,NEDRE EGGEDAL,3332,1822
3359,EGGEDAL,3332,1823
3360,GEITHUS,3316,1824
3361,GEITHUS,3316,1825
3370,VIKERSUND,3316,1826
3371,VIKERSUND,3316,1827
3401,LIER,3312,1828
3402,LIER,3312,1829
3403,LIER,3312,1830
3404,LIER,3312,1831
3405,LIER,3312,1832
3406,TRANBY,3312,1833
3407,TRANBY,3312,1834
3408,TRANBY,3312,1835
3409,TRANBY,3312,1836
3410,SYLLING,3312,1837
3411,SYLLING,3312,1838
3412,LIERSTRANDA,3312,1839
3413,LIER,3312,1840
3414,LIERSTRANDA,3312,1841
3420,LIERSKOGEN,3312,1842
3421,LIERSKOGEN,3312,1843
3425,REISTAD,3312,1844
3426,GULLAUG,3312,1845
3427,GULLAUG,3312,1846
3428,GULLAUG,3312,1847
3430,SPIKKESTAD,3203,1848
3431,SPIKKESTAD,3203,1849
3440,RØYKEN,3203,1850
3441,RØYKEN,3203,1851
3442,HYGGEN,3203,1852
3470,SLEMMESTAD,3203,1853
3471,SLEMMESTAD,3203,1854
3472,BØDALEN,3203,1855
3474,ÅROS,3203,1856
3475,SÆTRE,3203,1857
3476,SÆTRE,3203,1858
3477,BÅTSTØ,3203,1859
3478,NÆRSNES,3203,1860
3479,NÆRSNES,3203,1861
3480,FILTVET,3203,1862
3481,TOFTE,3203,1863
3482,TOFTE,3203,1864
3483,KANA,3203,1865
3484,HOLMSBU,3203,1866
3485,FILTVET,3203,1867
3490,KLOKKARSTUA,3203,1868
3501,HØNEFOSS,3305,1869
3502,HØNEFOSS,3305,1870
3503,HØNEFOSS,3305,1871
3504,HØNEFOSS,3305,1872
3507,HØNEFOSS,3305,1873
3510,HØNEFOSS,3305,1874
3511,HØNEFOSS,3305,1875
3512,HØNEFOSS,3305,1876
3513,HØNEFOSS,3305,1877
3514,HØNEFOSS,3305,1878
3515,HØNEFOSS,3305,1879
3516,HØNEFOSS,3305,1880
3517,HØNEFOSS,3305,1881
3518,HØNEFOSS,3305,1882
3519,HØNEFOSS,3305,1883
3520,JEVNAKER,3236,1884
3521,JEVNAKER,3236,1885
3522,BJONEROA,3446,1886
3523,NES I ÅDAL,3305,1887
3524,NES I ÅDAL,3305,1888
3525,HALLINGBY,3305,1889
3526,HALLINGBY,3305,1890
3528,HEDALEN,3449,1891
3529,RØYSE,3310,1892
3530,RØYSE,3310,1893
3531,KROKKLEIVA,3310,1894
3532,TYRISTRAND,3305,1895
3533,TYRISTRAND,3305,1896
3534,SOKNA,3305,1897
3535,KRØDEREN,3318,1898
3536,NORESUND,3318,1899
3537,KRØDEREN,3318,1900
3538,SOLLIHØGDA,3310,1901
3539,FLÅ,3320,1902
3540,NESBYEN,3322,1903
3541,NESBYEN,3322,1904
3542,SOKNA,3305,1905
3543,NORESUND,3318,1906
3544,TUNHOVD,3338,1907
3545,FLÅ,3320,1908
3546,KROKKLEIVA,3310,1909
3550,GOL,3324,1910
3551,GOL,3324,1911
3560,HEMSEDAL,3326,1912
3561,HEMSEDAL,3326,1913
3570,ÅL,3328,1914
3571,ÅL,3328,1915
3576,HOL,3330,1916
3577,HOVET,3330,1917
3579,TORPO,3328,1918
3580,GEILO,3330,1919
3581,GEILO,3330,1920
3588,DAGALI,3330,1921
3593,USTAOSET,3330,1922
3595,HAUGASTØL,3330,1923
3601,KONGSBERG,3303,1924
3602,KONGSBERG,3303,1925
3603,KONGSBERG,3303,1926
3604,KONGSBERG,3303,1927
3605,KONGSBERG,3303,1928
3606,KONGSBERG,3303,1929
3607,KONGSBERG,3303,1930
3608,HEISTADMOEN,3303,1931
3609,KONGSBERG,3303,1932
3610,KONGSBERG,3303,1933
3611,KONGSBERG,3303,1934
3612,KONGSBERG,3303,1935
3613,KONGSBERG,3303,1936
3614,KONGSBERG,3303,1937
3615,KONGSBERG,3303,1938
3616,KONGSBERG,3303,1939
3617,KONGSBERG,3303,1940
3618,SKOLLENBORG,3303,1941
3619,SKOLLENBORG,3303,1942
3620,FLESBERG,3334,1943
3621,LAMPELAND,3334,1944
3622,SVENE,3334,1945
3623,LAMPELAND,3334,1946
3624,LYNGDAL I NUMEDAL,3334,1947
3625,SKOLLENBORG,3303,1948
3626,ROLLAG,3336,1949
3627,VEGGLI,3336,1950
3628,VEGGLI,3336,1951
3629,NORE,3338,1952
3630,RØDBERG,3338,1953
3631,RØDBERG,3338,1954
3632,UVDAL,3338,1955
3634,NORE,3338,1956
3646,HVITTINGFOSS,3303,1957
3647,HVITTINGFOSS,3303,1958
3648,PASSEBEKK,3303,1959
3650,TINN AUSTBYGD,4026,1960
3652,HOVIN I TELEMARK,4026,1961
3656,ATRÅ,4026,1962
3658,MILAND,4026,1963
3660,RJUKAN,4026,1964
3661,RJUKAN,4026,1965
3665,SAULAND,4024,1966
3666,ATRÅ,4026,1967
3671,NOTODDEN,4005,1968
3672,NOTODDEN,4005,1969
3673,NOTODDEN,4005,1970
3674,NOTODDEN,4005,1971
3675,NOTODDEN,4005,1972
3676,NOTODDEN,4005,1973
3677,NOTODDEN,4005,1974
3678,NOTODDEN,4005,1975
3679,NOTODDEN,4005,1976
3680,NOTODDEN,4005,1977
3681,NOTODDEN,4005,1978
3683,NOTODDEN,4005,1979
3684,NOTODDEN,4005,1980
3690,HJARTDAL,4024,1981
3691,GRANSHERAD,4005,1982
3692,SAULAND,4024,1983
3697,TUDDAL,4024,1984
3701,SKIEN,4003,1985
3702,SKIEN,4003,1986
3703,SKIEN,4003,1987
3704,SKIEN,4003,1988
3705,SKIEN,4003,1989
3707,SKIEN,4003,1990
3710,SKIEN,4003,1991
3711,SKIEN,4003,1992
3712,SKIEN,4003,1993
3713,SKIEN,4003,1994
3714,SKIEN,4003,1995
3715,SKIEN,4003,1996
3716,SKIEN,4003,1997
3717,SKIEN,4003,1998
3718,SKIEN,4003,1999
3719,SKIEN,4003,2000
3720,SKIEN,4003,2001
3721,SKIEN,4003,2002
3722,SKIEN,4003,2003
3723,SKIEN,4003,2004
3724,SKIEN,4003,2005
3725,SKIEN,4003,2006
3726,SKIEN,4003,2007
3727,SKIEN,4003,2008
3728,SKIEN,4003,2009
3729,SKIEN,4003,2010
3730,SKIEN,4003,2011
3731,SKIEN,4003,2012
3732,SKIEN,4003,2013
3733,SKIEN,4003,2014
3734,SKIEN,4003,2015
3735,SKIEN,4003,2016
3736,SKIEN,4003,2017
3737,SKIEN,4003,2018
3738,SKIEN,4003,2019
3739,SKIEN,4003,2020
3740,SKIEN,4003,2021
3741,SKIEN,4003,2022
3742,SKIEN,4003,2023
3743,SKIEN,4003,2024
3744,SKIEN,4003,2025
3746,SKIEN,4003,2026
3747,SKIEN,4003,2027
3748,SILJAN,4010,2028
3749,SILJAN,4010,2029
3750,DRANGEDAL,4016,2030
3753,TØRDAL,4016,2031
3760,NESLANDSVATN,4016,2032
3766,SANNIDAL,4014,2033
3770,KRAGERØ,4014,2034
3772,KRAGERØ,4014,2035
3780,SKÅTØY,4014,2036
3781,JOMFRULAND,4014,2037
3783,KRAGERØ SKJÆRGÅRD,4014,2038
3785,SKIEN,4003,2039
3786,SKIEN,4003,2040
3788,STABBESTAD,4014,2041
3789,KRAGERØ,4014,2042
3790,HELLE,4014,2043
3791,KRAGERØ,4014,2044
3792,SKIEN,4003,2045
3793,SANNIDAL,4014,2046
3794,HELLE,4014,2047
3795,DRANGEDAL,4016,2048
3796,SKIEN,4003,2049
3798,SKIEN,4003,2050
3799,SKIEN,4003,2051
3800,BØ I TELEMARK,4020,2052
3801,BØ I TELEMARK,4020,2053
3802,BØ I TELEMARK,4020,2054
3803,BØ I TELEMARK,4020,2055
3804,BØ I TELEMARK,4020,2056
3805,BØ I TELEMARK,4022,2057
3810,GVARV,4020,2058
3811,HØRTE,4020,2059
3812,AKKERHAUGEN,4020,2060
3820,NORDAGUTU,4020,2061
3825,LUNDE,4018,2062
3830,ULEFOSS,4018,2063
3831,ULEFOSS,4018,2064
3832,LUNDE,4018,2065
3833,BØ I TELEMARK,4020,2066
3834,GVARV,4020,2067
3835,SELJORD,4022,2068
3836,KVITESEID,4028,2069
3840,SELJORD,4022,2070
3841,FLATDAL,4022,2071
3844,ÅMOTSDAL,4022,2072
3848,MORGEDAL,4028,2073
3849,VRÅLIOSEN,4028,2074
3850,KVITESEID,4028,2075
3852,VRÅDAL,4028,2076
3853,VRÅDAL,4028,2077
3854,NISSEDAL,4030,2078
3855,TREUNGEN,4030,2079
3864,RAULAND,4036,2080
3870,FYRESDAL,4032,2081
3880,DALEN,4034,2082
3882,ÅMDALS VERK,4034,2083
3883,TREUNGEN,4030,2084
3884,RAULAND,4036,2085
3885,FYRESDAL,4032,2086
3886,DALEN,4034,2087
3887,VINJE,4036,2088
3888,EDLAND,4036,2089
3890,VINJE,4036,2090
3891,HØYDALSMO,4034,2091
3893,VINJESVINGEN,4036,2092
3895,EDLAND,4036,2093
3901,PORSGRUNN,4001,2094
3902,PORSGRUNN,4001,2095
3903,PORSGRUNN,4001,2096
3904,PORSGRUNN,4001,2097
3905,PORSGRUNN,4001,2098
3906,PORSGRUNN,4001,2099
3910,PORSGRUNN,4001,2100
3911,PORSGRUNN,4001,2101
3912,PORSGRUNN,4001,2102
3913,PORSGRUNN,4001,2103
3914,PORSGRUNN,4001,2104
3915,PORSGRUNN,4001,2105
3916,PORSGRUNN,4001,2106
3917,PORSGRUNN,4001,2107
3918,PORSGRUNN,4001,2108
3919,PORSGRUNN,4001,2109
3920,PORSGRUNN,4001,2110
3921,PORSGRUNN,4001,2111
3922,PORSGRUNN,4001,2112
3924,PORSGRUNN,4001,2113
3925,PORSGRUNN,4001,2114
3928,PORSGRUNN,4001,2115
3929,PORSGRUNN,4001,2116
3930,PORSGRUNN,4001,2117
3931,PORSGRUNN,4001,2118
3933,PORSGRUNN,4001,2119
3936,PORSGRUNN,4001,2120
3937,PORSGRUNN,4001,2121
3939,PORSGRUNN,4001,2122
3940,PORSGRUNN,4001,2123
3941,PORSGRUNN,4001,2124
3942,PORSGRUNN,4001,2125
3943,PORSGRUNN,4001,2126
3944,PORSGRUNN,4001,2127
3946,PORSGRUNN,4001,2128
3947,LANGANGEN,4001,2129
3948,PORSGRUNN,4001,2130
3949,PORSGRUNN,4001,2131
3950,BREVIK,4001,2132
3960,STATHELLE,4012,2133
3961,STATHELLE,4012,2134
3962,STATHELLE,4012,2135
3965,HERRE,4012,2136
3966,STATHELLE,4012,2137
3967,STATHELLE,4012,2138
3970,LANGESUND,4012,2139
3991,BREVIK,4001,2140
3993,LANGESUND,4012,2141
3994,LANGESUND,4012,2142
3995,STATHELLE,4012,2143
3996,PORSGRUNN,4001,2144
3997,PORSGRUNN,4001,2145
3998,PORSGRUNN,4001,2146
3999,HERRE,4012,2147
4001,STAVANGER,1103,2148
4002,STAVANGER,1103,2149
4003,STAVANGER,1103,2150
4004,STAVANGER,1103,2151
4005,STAVANGER,1103,2152
4006,STAVANGER,1103,2153
4007,STAVANGER,1103,2154
4008,STAVANGER,1103,2155
4009,STAVANGER,1103,2156
4010,STAVANGER,1103,2157
4011,STAVANGER,1103,2158
4012,STAVANGER,1103,2159
4013,STAVANGER,1103,2160
4014,STAVANGER,1103,2161
4015,STAVANGER,1103,2162
4016,STAVANGER,1103,2163
4017,STAVANGER,1103,2164
4018,STAVANGER,1103,2165
4019,STAVANGER,1103,2166
4020,STAVANGER,1103,2167
4021,STAVANGER,1103,2168
4022,STAVANGER,1103,2169
4023,STAVANGER,1103,2170
4024,STAVANGER,1103,2171
4025,STAVANGER,1103,2172
4026,STAVANGER,1103,2173
4027,STAVANGER,1103,2174
4028,STAVANGER,1103,2175
4029,STAVANGER,1103,2176
4031,STAVANGER,1103,2177
4032,STAVANGER,1103,2178
4033,STAVANGER,1103,2179
4034,STAVANGER,1103,2180
4035,STAVANGER,1103,2181
4036,STAVANGER,1103,2182
4041,HAFRSFJORD,1103,2183
4042,HAFRSFJORD,1103,2184
4043,HAFRSFJORD,1103,2185
4044,HAFRSFJORD,1103,2186
4045,HAFRSFJORD,1103,2187
4046,HAFRSFJORD,1103,2188
4047,HAFRSFJORD,1103,2189
4048,HAFRSFJORD,1103,2190
4049,HAFRSFJORD,1103,2191
4050,SOLA,1124,2192
4051,SOLA,1124,2193
4052,RØYNEBERG,1124,2194
4053,RÆGE,1124,2195
4054,TJELTA,1124,2196
4055,SOLA,1124,2197
4056,TANANGER,1124,2198
4057,TANANGER,1124,2199
4058,TANANGER,1124,2200
4059,RØYNEBERG,1124,2201
4063,TJELTA,1124,2202
4068,STAVANGER,1103,2203
4070,RANDABERG,1127,2204
4071,RANDABERG,1127,2205
4072,RANDABERG,1127,2206
4073,RANDABERG,1127,2207
4075,STAVANGER,1103,2208
4076,VASSØY,1103,2209
4077,HUNDVÅG,1103,2210
4078,STAVANGER,1103,2211
4079,STAVANGER,1103,2212
4081,STAVANGER,1103,2213
4082,STAVANGER,1103,2214
4083,HUNDVÅG,1103,2215
4084,STAVANGER,1103,2216
4085,HUNDVÅG,1103,2217
4086,HUNDVÅG,1103,2218
4087,STAVANGER,1103,2219
4088,STAVANGER,1103,2220
4089,HAFRSFJORD,1103,2221
4090,HAFRSFJORD,1103,2222
4091,HAFRSFJORD,1103,2223
4092,STAVANGER,1103,2224
4093,STAVANGER,1103,2225
4094,STAVANGER,1103,2226
4095,STAVANGER,1103,2227
4096,RANDABERG,1127,2228
4097,SOLA,1124,2229
4098,TANANGER,1124,2230
4099,STAVANGER,1103,2231
4100,JØRPELAND,1130,2232
4102,IDSE,1130,2233
4103,JØRPELAND,1130,2234
4104,JØRPELAND,1130,2235
4105,JØRPELAND,1130,2236
4110,FORSAND,1108,2237
4119,FORSAND,1108,2238
4120,TAU,1130,2239
4121,TAU,1130,2240
4123,SØR-HIDLE,1130,2241
4124,TAU,1130,2242
4126,JØRPELAND,1130,2243
4127,LYSEBOTN,1108,2244
4128,FLØRLI,1108,2245
4129,SONGESAND,1108,2246
4130,HJELMELAND,1133,2247
4134,JØSENFJORDEN,1133,2248
4137,ÅRDAL I RYFYLKE,1133,2249
4139,FISTER,1133,2250
4146,SKIFTUN,1133,2251
4148,HJELMELAND,1133,2252
4150,RENNESØY,1103,2253
4152,VESTRE ÅMØY,1103,2254
4153,BRIMSE,1103,2255
4154,AUSTRE ÅMØY,1103,2256
4156,MOSTERØY,1103,2257
4158,BRU,1103,2258
4159,RENNESØY,1103,2259
4160,FINNØY,1103,2260
4161,FINNØY,1103,2261
4163,TALGJE,1103,2262
4164,FOGN,1103,2263
4167,HELGØY I RYFYLKE,1133,2264
4168,BYRE,1103,2265
4169,SØRBOKN,1103,2266
4170,SJERNARØY,1103,2267
4173,NORD-HIDLE,1103,2268
4174,SJERNARØY,1103,2269
4180,KVITSØY,1144,2270
4181,KVITSØY,1144,2271
4182,SKARTVEIT,1103,2272
4187,OMBO,1103,2273
4198,FOLDØY,1134,2274
4200,SAUDA,1135,2275
4201,SAUDA,1135,2276
4208,SAUDASJØEN,1135,2277
4209,VANVIK,1134,2278
4230,SAND,1134,2279
4233,ERFJORD,1134,2280
4234,JELSA,1134,2281
4235,HEBNES,1134,2282
4237,SULDALSOSEN,1134,2283
4238,ERFJORD,1134,2284
4239,SAND,1134,2285
4240,SULDALSOSEN,1134,2286
4244,NESFLATEN,1134,2287
4250,KOPERVIK,1149,2288
4260,TORVASTAD,1149,2289
4262,AVALDSNES,1149,2290
4264,KVALAVÅG,1149,2291
4265,HÅVIK,1149,2292
4270,ÅKREHAMN,1149,2293
4272,SANDVE,1149,2294
4274,STOL,1149,2295
4275,SÆVELANDSVIK,1149,2296
4276,VEAVÅGEN,1149,2297
4280,SKUDENESHAVN,1149,2298
4291,KOPERVIK,1149,2299
4294,KOPERVIK,1149,2300
4295,VEAVÅGEN,1149,2301
4296,ÅKREHAMN,1149,2302
4297,SKUDENESHAVN,1149,2303
4298,TORVASTAD,1149,2304
4299,AVALDSNES,1149,2305
4301,SANDNES,1108,2306
4302,SANDNES,1108,2307
4306,SANDNES,1108,2308
4307,SANDNES,1108,2309
4308,SANDNES,1108,2310
4309,SANDNES,1108,2311
4310,HOMMERSÅK,1108,2312
4311,HOMMERSÅK,1108,2313
4312,SANDNES,1108,2314
4313,SANDNES,1108,2315
4314,SANDNES,1108,2316
4315,SANDNES,1108,2317
4316,SANDNES,1108,2318
4317,SANDNES,1108,2319
4318,SANDNES,1108,2320
4319,SANDNES,1108,2321
4320,SANDNES,1108,2322
4321,SANDNES,1108,2323
4322,SANDNES,1108,2324
4323,SANDNES,1108,2325
4324,SANDNES,1108,2326
4325,SANDNES,1108,2327
4326,SANDNES,1108,2328
4327,SANDNES,1108,2329
4328,SANDNES,1108,2330
4329,SANDNES,1108,2331
4330,ÅLGÅRD,1122,2332
4331,ÅLGÅRD,1122,2333
4332,FIGGJO,1108,2334
4333,OLTEDAL,1122,2335
4334,ÅLGÅRD,1122,2336
4335,DIRDAL,1122,2337
4336,SANDNES,1108,2338
4337,SANDNES,1108,2339
4338,SANDNES,1108,2340
4339,ÅLGÅRD,1122,2341
4340,BRYNE,1121,2342
4341,BRYNE,1120,2343
4342,UNDHEIM,1121,2344
4343,ORRE,1120,2345
4344,BRYNE,1121,2346
4345,BRYNE,1121,2347
4346,BRYNE,1121,2348
4347,LYE,1121,2349
4348,LYE,1121,2350
4349,BRYNE,1121,2351
4350,KLEPPE,1120,2352
4351,KLEPPE,1120,2353
4352,KLEPPE,1120,2354
4353,KLEPP STASJON,1120,2355
4354,VOLL,1120,2356
4355,KVERNALAND,1121,2357
4356,KVERNALAND,1121,2358
4357,KLEPP STASJON,1120,2359
4358,KLEPPE,1120,2360
4360,VARHAUG,1119,2361
4361,SIREVÅG,1119,2362
4362,VIGRESTAD,1119,2363
4363,BRUSAND,1119,2364
4364,SIREVÅG,1119,2365
4365,NÆRBØ,1119,2366
4367,NÆRBØ,1119,2367
4368,VARHAUG,1119,2368
4369,VIGRESTAD,1119,2369
4370,EGERSUND,1101,2370
4371,EGERSUND,1101,2371
4372,EGERSUND,1101,2372
4373,EGERSUND,1101,2373
4374,EGERSUND,1101,2374
4375,HELLVIK,1101,2375
4376,HELLELAND,1101,2376
4378,EGERSUND,1101,2377
4379,EGERSUND,1101,2378
4380,HAUGE I DALANE,1111,2379
4381,HAUGE I DALANE,1111,2380
4384,VIKESÅ,1114,2381
4385,HELLELAND,1101,2382
4387,BJERKREIM,1114,2383
4389,VIKESÅ,1114,2384
4390,OLTEDAL,1122,2385
4391,SANDNES,1108,2386
4392,SANDNES,1108,2387
4393,SANDNES,1108,2388
4394,SANDNES,1108,2389
4395,HOMMERSÅK,1108,2390
4396,SANDNES,1108,2391
4397,SANDNES,1108,2392
4398,SANDNES,1108,2393
4399,SANDNES,1108,2394
4400,FLEKKEFJORD,4207,2395
4401,FLEKKEFJORD,4207,2396
4402,FLEKKEFJORD,4207,2397
4403,FLEKKEFJORD,4207,2398
4404,FLEKKEFJORD,4207,2399
4405,FLEKKEFJORD,4207,2400
4406,FLEKKEFJORD,4207,2401
4407,FLEKKEFJORD,4207,2402
4420,ÅNA-SIRA,4207,2403
4432,HIDRASUND,4207,2404
4434,ANDABELØY,4207,2405
4436,GYLAND,4207,2406
4438,SIRA,4207,2407
4439,SIRA,4207,2408
4440,TONSTAD,4228,2409
4441,TONSTAD,4228,2410
4443,TJØRHOM,4228,2411
4460,MOI,1112,2412
4462,HOVSHERAD,1112,2413
4463,UALAND,1112,2414
4465,MOI,1112,2415
4473,KVINLOG,4227,2416
4480,KVINESDAL,4227,2417
4484,ØYESTRANDA,4227,2418
4485,FEDA,4227,2419
4486,FEDA,4227,2420
4490,KVINESDAL,4227,2421
4491,KVINESDAL,4227,2422
4492,KVINESDAL,4227,2423
4501,MANDAL,4205,2424
4502,MANDAL,4205,2425
4503,MANDAL,4205,2426
4504,MANDAL,4205,2427
4507,MANDAL,4205,2428
4508,MANDAL,4205,2429
4509,MANDAL,4205,2430
4513,MANDAL,4205,2431
4514,MANDAL,4205,2432
4515,MANDAL,4205,2433
4516,MANDAL,4205,2434
4517,MANDAL,4205,2435
4519,HOLUM,4205,2436
4520,LINDESNES,4205,2437
4521,LINDESNES,4205,2438
4522,LINDESNES,4205,2439
4523,LINDESNES,4205,2440
4524,LINDESNES,4205,2441
4525,KONSMO,4225,2442
4526,KONSMO,4225,2443
4528,KOLLUNGTVEIT,4225,2444
4529,BYREMO,4225,2445
4532,ØYSLEBØ,4205,2446
4534,MARNARDAL,4205,2447
4535,MARNARDAL,4205,2448
4536,BJELLAND,4205,2449
4540,ÅSERAL,4224,2450
4541,ÅSERAL,4224,2451
4544,FOSSDAL,4224,2452
4550,FARSUND,4206,2453
4551,FARSUND,4206,2454
4552,FARSUND,4206,2455
4553,FARSUND,4206,2456
4554,FARSUND,4206,2457
4557,VANSE,4206,2458
4558,VANSE,4206,2459
4560,VANSE,4206,2460
4563,BORHAUG,4206,2461
4575,LYNGDAL,4225,2462
4576,LYNGDAL,4225,2463
4577,LYNGDAL,4225,2464
4579,LYNGDAL,4225,2465
4580,LYNGDAL,4225,2466
4586,KORSHAMN,4225,2467
4588,KVÅS,4225,2468
4590,SNARTEMO,4226,2469
4595,TINGVATN,4226,2470
4596,EIKEN,4226,2471
4597,EIKEN,4226,2472
4604,KRISTIANSAND S,4204,2473
4605,KRISTIANSAND S,4204,2474
4606,KRISTIANSAND S,4204,2475
4608,KRISTIANSAND S,4204,2476
4609,KARDEMOMME BY,4204,2477
4610,KRISTIANSAND S,4204,2478
4611,KRISTIANSAND S,4204,2479
4612,KRISTIANSAND S,4204,2480
4613,KRISTIANSAND S,4204,2481
4614,KRISTIANSAND S,4204,2482
4615,KRISTIANSAND S,4204,2483
4616,KRISTIANSAND S,4204,2484
4617,KRISTIANSAND S,4204,2485
4618,KRISTIANSAND S,4204,2486
4619,MOSBY,4204,2487
4620,KRISTIANSAND S,4204,2488
4621,KRISTIANSAND S,4204,2489
4622,KRISTIANSAND S,4204,2490
4623,KRISTIANSAND S,4204,2491
4624,KRISTIANSAND S,4204,2492
4625,FLEKKERØY,4204,2493
4626,KRISTIANSAND S,4204,2494
4628,KRISTIANSAND S,4204,2495
4629,KRISTIANSAND S,4204,2496
4630,KRISTIANSAND S,4204,2497
4631,KRISTIANSAND S,4204,2498
4632,KRISTIANSAND S,4204,2499
4633,KRISTIANSAND S,4204,2500
4634,KRISTIANSAND S,4204,2501
4635,KRISTIANSAND S,4204,2502
4636,KRISTIANSAND S,4204,2503
4637,KRISTIANSAND S,4204,2504
4638,KRISTIANSAND S,4204,2505
4639,KRISTIANSAND S,4204,2506
4640,SØGNE,4204,2507
4641,SØGNE,4204,2508
4642,SØGNE,4204,2509
4643,SØGNE,4204,2510
4644,SØGNE,4204,2511
4645,NODELAND,4204,2512
4646,FINSLAND,4204,2513
4647,BRENNÅSEN,4204,2514
4649,FINSLAND,4204,2515
4656,HAMRESANDEN,4204,2516
4657,KJEVIK,4204,2517
4658,TVEIT,4204,2518
4661,KRISTIANSAND S,4204,2519
4662,KRISTIANSAND S,4204,2520
4663,KRISTIANSAND S,4204,2521
4664,KRISTIANSAND S,4204,2522
4665,KRISTIANSAND S,4204,2523
4666,KRISTIANSAND S,4204,2524
4670,KRISTIANSAND S,4204,2525
4671,KRISTIANSAND S,4204,2526
4673,KRISTIANSAND S,4204,2527
4674,KRISTIANSAND S,4204,2528
4675,KRISTIANSAND S,4204,2529
4676,KRISTIANSAND S,4204,2530
4677,KRISTIANSAND S,4204,2531
4678,KRISTIANSAND S,4204,2532
4679,FLEKKERØY,4204,2533
4681,SØGNE,4204,2534
4682,SØGNE,4204,2535
4683,SØGNE,4204,2536
4684,BRENNÅSEN,4204,2537
4685,NODELAND,4204,2538
4686,KRISTIANSAND S,4204,2539
4687,KRISTIANSAND S,4204,2540
4688,KRISTIANSAND S,4204,2541
4689,KRISTIANSAND S,4204,2542
4691,KRISTIANSAND S,4204,2543
4693,KRISTIANSAND S,4204,2544
4694,KRISTIANSAND S,4204,2545
4695,KRISTIANSAND S,4204,2546
4696,KRISTIANSAND S,4204,2547
4697,KRISTIANSAND S,4204,2548
4698,KRISTIANSAND S,4204,2549
4699,TVEIT,4204,2550
4700,VENNESLA,4223,2551
4701,VENNESLA,4223,2552
4702,VENNESLA,4223,2553
4703,VENNESLA,4223,2554
4705,ØVREBØ,4223,2555
4706,VENNESLA,4223,2556
4707,VENNESLA,4223,2557
4708,VENNESLA,4223,2558
4715,ØVREBØ,4223,2559
4720,HÆGELAND,4223,2560
4721,HÆGELAND,4223,2561
4724,IVELAND,4218,2562
4725,IVELAND,4218,2563
4730,VATNESTRØM,4218,2564
4733,EVJE,4219,2565
4734,EVJE,4219,2566
4735,EVJE,4219,2567
4737,HORNNES,4219,2568
4741,BYGLANDSFJORD,4220,2569
4742,GRENDI,4220,2570
4744,BYGLAND,4220,2571
4745,BYGLAND,4220,2572
4746,VALLE,4221,2573
4747,VALLE,4221,2574
4748,RYSSTAD,4221,2575
4749,RYSSTAD,4221,2576
4754,BYKLE,4222,2577
4755,HOVDEN I SETESDAL,4222,2578
4756,HOVDEN I SETESDAL,4222,2579
4760,BIRKELAND,4216,2580
4766,HEREFOSS,4216,2581
4768,ENGESLAND,4216,2582
4770,HØVÅG,4215,2583
4780,BREKKESTØ,4215,2584
4790,LILLESAND,4215,2585
4791,LILLESAND,4215,2586
4792,LILLESAND,4215,2587
4793,HØVÅG,4215,2588
4794,LILLESAND,4215,2589
4795,BIRKELAND,4216,2590
4801,ARENDAL,4203,2591
4802,ARENDAL,4203,2592
4803,ARENDAL,4203,2593
4804,ARENDAL,4203,2594
4808,ARENDAL,4203,2595
4809,ARENDAL,4203,2596
4810,EYDEHAVN,4203,2597
4812,KONGSHAVN,4203,2598
4815,SALTRØD,4203,2599
4816,KOLBJØRNSVIK,4203,2600
4817,HIS,4203,2601
4818,FÆRVIK,4203,2602
4820,FROLAND,4214,2603
4821,RYKENE,4203,2604
4822,RYKENE,4203,2605
4823,NEDENES,4203,2606
4824,BJORBEKK,4203,2607
4825,ARENDAL,4203,2608
4827,FROLANDS VERK,4214,2609
4828,MJÅVATN,4214,2610
4830,HYNNEKLEIV,4214,2611
4832,MYKLAND,4214,2612
4834,RISDAL,4214,2613
4836,ARENDAL,4203,2614
4838,ARENDAL,4203,2615
4839,ARENDAL,4203,2616
4841,ARENDAL,4203,2617
4842,ARENDAL,4203,2618
4843,ARENDAL,4203,2619
4844,ARENDAL,4203,2620
4846,ARENDAL,4203,2621
4847,ARENDAL,4203,2622
4848,ARENDAL,4203,2623
4849,ARENDAL,4203,2624
4851,SALTRØD,4203,2625
4852,FÆRVIK,4203,2626
4853,HIS,4203,2627
4854,NEDENES,4203,2628
4855,FROLAND,4214,2629
4856,ARENDAL,4203,2630
4857,ARENDAL,4203,2631
4858,ARENDAL,4203,2632
4859,ARENDAL,4203,2633
4862,EYDEHAVN,4203,2634
4863,NELAUG,4217,2635
4864,ÅMLI,4217,2636
4865,ÅMLI,4217,2637
4868,SELÅSVATN,4217,2638
4869,DØLEMO,4217,2639
4870,FEVIK,4202,2640
4876,GRIMSTAD,4202,2641
4877,GRIMSTAD,4202,2642
4878,GRIMSTAD,4202,2643
4879,GRIMSTAD,4202,2644
4884,GRIMSTAD,4202,2645
4885,GRIMSTAD,4202,2646
4886,GRIMSTAD,4202,2647
4887,GRIMSTAD,4202,2648
4888,HOMBORSUND,4202,2649
4889,FEVIK,4202,2650
4891,GRIMSTAD,4202,2651
4892,GRIMSTAD,4202,2652
4893,GRIMSTAD,4202,2653
4894,GRIMSTAD,4202,2654
4896,GRIMSTAD,4202,2655
4898,GRIMSTAD,4202,2656
4900,TVEDESTRAND,4213,2657
4901,TVEDESTRAND,4213,2658
4902,TVEDESTRAND,4213,2659
4903,TVEDESTRAND,4213,2660
4904,TVEDESTRAND,4213,2661
4905,TVEDESTRAND,4213,2662
4909,SONGE,4213,2663
4910,LYNGØR,4213,2664
4912,GJEVING,4213,2665
4915,VESTRE SANDØYA,4213,2666
4916,BORØY,4213,2667
4920,STAUBØ,4203,2668
4921,STAUBØ,4203,2669
4934,NES VERK,4213,2670
4950,RISØR,4201,2671
4951,RISØR,4201,2672
4952,RISØR,4201,2673
4953,RISØR,4201,2674
4955,RISØR,4201,2675
4956,RISØR,4201,2676
4957,RISØR,4201,2677
4971,SUNDEBRU,4211,2678
4972,GJERSTAD,4211,2679
4973,VEGÅRSHEI,4212,2680
4974,SØNDELED,4201,2681
4980,GJERSTAD,4211,2682
4985,VEGÅRSHEI,4212,2683
4990,SØNDELED,4201,2684
4993,SUNDEBRU,4211,2685
4994,AKLAND,4201,2686
5003,BERGEN,4601,2687
5004,BERGEN,4601,2688
5005,BERGEN,4601,2689
5006,BERGEN,4601,2690
5007,BERGEN,4601,2691
5008,BERGEN,4601,2692
5009,BERGEN,4601,2693
5010,BERGEN,4601,2694
5011,BERGEN,4601,2695
5012,BERGEN,4601,2696
5013,BERGEN,4601,2697
5014,BERGEN,4601,2698
5015,BERGEN,4601,2699
5016,BERGEN,4601,2700
5017,BERGEN,4601,2701
5018,BERGEN,4601,2702
5019,BERGEN,4601,2703
5020,BERGEN,4601,2704
5021,BERGEN,4601,2705
5022,BERGEN,4601,2706
5031,BERGEN,4601,2707
5032,BERGEN,4601,2708
5033,BERGEN,4601,2709
5034,BERGEN,4601,2710
5035,BERGEN,4601,2711
5036,BERGEN,4601,2712
5037,BERGEN,4601,2713
5038,BERGEN,4601,2714
5039,BERGEN,4601,2715
5041,BERGEN,4601,2716
5042,BERGEN,4601,2717
5043,BERGEN,4601,2718
5045,BERGEN,4601,2719
5052,BERGEN,4601,2720
5053,BERGEN,4601,2721
5054,BERGEN,4601,2722
5055,BERGEN,4601,2723
5056,BERGEN,4601,2724
5057,BERGEN,4601,2725
5058,BERGEN,4601,2726
5059,BERGEN,4601,2727
5063,BERGEN,4601,2728
5067,BERGEN,4601,2729
5068,BERGEN,4601,2730
5072,BERGEN,4601,2731
5073,BERGEN,4601,2732
5075,BERGEN,4601,2733
5081,BERGEN,4601,2734
5082,BERGEN,4601,2735
5089,BERGEN,4601,2736
5093,BERGEN,4601,2737
5094,BERGEN,4601,2738
5096,BERGEN,4601,2739
5097,BERGEN,4601,2740
5098,BERGEN,4601,2741
5099,BERGEN,4601,2742
5101,EIDSVÅGNESET,4601,2743
5104,EIDSVÅG I ÅSANE,4601,2744
5105,EIDSVÅG I ÅSANE,4601,2745
5106,ØVRE ERVIK,4601,2746
5107,SALHUS,4601,2747
5108,HORDVIK,4601,2748
5109,HYLKJE,4601,2749
5111,BREISTEIN,4601,2750
5113,TERTNES,4601,2751
5114,TERTNES,4601,2752
5115,ULSET,4601,2753
5116,ULSET,4601,2754
5117,ULSET,4601,2755
5118,ULSET,4601,2756
5119,ULSET,4601,2757
5121,ULSET,4601,2758
5122,MORVIK,4601,2759
5124,MORVIK,4601,2760
5130,NYBORG,4601,2761
5131,NYBORG,4601,2762
5132,NYBORG,4601,2763
5134,FLAKTVEIT,4601,2764
5135,FLAKTVEIT,4601,2765
5136,MJØLKERÅEN,4601,2766
5137,MJØLKERÅEN,4601,2767
5141,FYLLINGSDALEN,4601,2768
5142,FYLLINGSDALEN,4601,2769
5143,FYLLINGSDALEN,4601,2770
5144,FYLLINGSDALEN,4601,2771
5145,FYLLINGSDALEN,4601,2772
5146,FYLLINGSDALEN,4601,2773
5147,FYLLINGSDALEN,4601,2774
5148,FYLLINGSDALEN,4601,2775
5151,STRAUMSGREND,4601,2776
5152,BØNES,4601,2777
5153,BØNES,4601,2778
5154,BØNES,4601,2779
5155,BØNES,4601,2780
5160,LAKSEVÅG,4601,2781
5161,LAKSEVÅG,4601,2782
5162,LAKSEVÅG,4601,2783
5163,LAKSEVÅG,4601,2784
5164,LAKSEVÅG,4601,2785
5165,LAKSEVÅG,4601,2786
5170,BJØRNDALSTRÆ,4601,2787
5171,LODDEFJORD,4601,2788
5172,LODDEFJORD,4601,2789
5173,LODDEFJORD,4601,2790
5174,MATHOPEN,4601,2791
5176,LODDEFJORD,4601,2792
5177,BJØRØYHAMN,4626,2793
5178,LODDEFJORD,4601,2794
5179,GODVIK,4601,2795
5183,OLSVIK,4601,2796
5184,OLSVIK,4601,2797
5200,OS,4624,2798
5201,OS,4624,2799
5202,OS,4624,2800
5203,OS,4624,2801
5206,OS,4624,2802
5207,SØFTELAND,4624,2803
5208,OS,4624,2804
5209,OS,4624,2805
5210,OS,4624,2806
5211,OS,4624,2807
5212,SØFTELAND,4624,2808
5213,LEPSØY,4624,2809
5215,LYSEKLOSTER,4624,2810
5216,LEPSØY,4624,2811
5217,HAGAVIK,4624,2812
5218,NORDSTRØNO,4624,2813
5221,NESTTUN,4601,2814
5222,NESTTUN,4601,2815
5223,NESTTUN,4601,2816
5224,NESTTUN,4601,2817
5225,NESTTUN,4601,2818
5226,NESTTUN,4601,2819
5227,NESTTUN,4601,2820
5228,NESTTUN,4601,2821
5229,KALANDSEIDET,4601,2822
5230,PARADIS,4601,2823
5231,PARADIS,4601,2824
5232,PARADIS,4601,2825
5235,RÅDAL,4601,2826
5236,RÅDAL,4601,2827
5237,RÅDAL,4601,2828
5238,RÅDAL,4601,2829
5239,RÅDAL,4601,2830
5243,FANA,4601,2831
5244,FANA,4601,2832
5251,SØREIDGREND,4601,2833
5252,SØREIDGREND,4601,2834
5253,SANDSLI,4601,2835
5254,SANDSLI,4601,2836
5257,KOKSTAD,4601,2837
5258,BLOMSTERDALEN,4601,2838
5259,HJELLESTAD,4601,2839
5260,INDRE ARNA,4601,2840
5261,INDRE ARNA,4601,2841
5262,ARNATVEIT,4601,2842
5263,TRENGEREID,4601,2843
5264,GARNES,4601,2844
5265,YTRE ARNA,4601,2845
5267,ESPELAND,4601,2846
5268,HAUKELAND,4601,2847
5281,VALESTRANDSFOSSEN,4630,2848
5282,LONEVÅG,4630,2849
5283,FOTLANDSVÅG,4630,2850
5284,TYSSEBOTNEN,4630,2851
5285,BRUVIK,4630,2852
5286,HAUS,4630,2853
5291,VALESTRANDSFOSSEN,4630,2854
5293,LONEVÅG,4630,2855
5299,HAUS,4630,2856
5300,KLEPPESTØ,4627,2857
5301,KLEPPESTØ,4627,2858
5302,STRUSSHAMN,4627,2859
5303,FOLLESE,4627,2860
5304,HETLEVIK,4627,2861
5305,FLORVÅG,4627,2862
5306,ERDAL,4627,2863
5307,ASK,4627,2864
5308,KLEPPESTØ,4627,2865
5309,KLEPPESTØ,4627,2866
5310,HAUGLANDSHELLA,4627,2867
5311,KJERRGARDEN,4627,2868
5314,KJERRGARDEN,4627,2869
5315,HERDLA,4627,2870
5318,STRUSSHAMN,4627,2871
5319,KLEPPESTØ,4627,2872
5321,KLEPPESTØ,4627,2873
5322,KLEPPESTØ,4627,2874
5323,KLEPPESTØ,4627,2875
5325,FOLLESE,4627,2876
5326,ASK,4627,2877
5327,HAUGLANDSHELLA,4627,2878
5329,FLORVÅG,4627,2879
5331,RONG,4626,2880
5333,TJELDSTØ,4626,2881
5334,HELLESØY,4626,2882
5335,HERNAR,4626,2883
5336,TJELDSTØ,4626,2884
5337,RONG,4626,2885
5341,STRAUME,4626,2886
5342,STRAUME,4626,2887
5343,STRAUME,4626,2888
5345,KNARREVIK,4626,2889
5346,ÅGOTNES,4626,2890
5347,ÅGOTNES,4626,2891
5350,BRATTHOLMEN,4626,2892
5353,STRAUME,4626,2893
5354,STRAUME,4626,2894
5355,KNARREVIK,4626,2895
5357,FJELL,4626,2896
5358,FJELL,4626,2897
5360,KOLLTVEIT,4626,2898
5363,ÅGOTNES,4626,2899
5365,TURØY,4626,2900
5366,MISJE,4626,2901
5371,SKOGSVÅG,4626,2902
5374,STEINSLAND,4626,2903
5378,KLOKKARVIK,4626,2904
5379,STEINSLAND,4626,2905
5380,TELAVÅG,4626,2906
5381,GLESVÆR,4626,2907
5382,SKOGSVÅG,4626,2908
5384,TORANGSVÅG,4625,2909
5385,BAKKASUND,4625,2910
5387,MØKSTER,4625,2911
5388,LITLAKALSØY,4625,2912
5392,STOREBØ,4625,2913
5393,STOREBØ,4625,2914
5394,KOLBEINSVIK,4625,2915
5396,VESTRE VINNESVÅG,4625,2916
5397,BEKKJARVIK,4625,2917
5398,STOLMEN,4625,2918
5399,BEKKJARVIK,4625,2919
5401,STORD,4614,2920
5402,STORD,4614,2921
5403,STORD,4614,2922
5404,STORD,4614,2923
5406,STORD,4614,2924
5407,STORD,4614,2925
5408,SAGVÅG,4614,2926
5409,STORD,4614,2927
5410,SAGVÅG,4614,2928
5411,STORD,4614,2929
5412,STORD,4614,2930
5413,HUGLO,4614,2931
5414,STORD,4614,2932
5415,STORD,4614,2933
5416,STORD,4614,2934
5417,STORD,4614,2935
5418,FITJAR,4615,2936
5419,FITJAR,4615,2937
5420,RUBBESTADNESET,4613,2938
5423,BRANDASUND,4613,2939
5427,URANGSVÅG,4613,2940
5428,FOLDRØYHAMN,4613,2941
5430,BREMNES,4613,2942
5437,FINNÅS,4613,2943
5440,MOSTERHAMN,4613,2944
5443,BØMLO,4613,2945
5444,ESPEVÆR,4613,2946
5445,BREMNES,4613,2947
5447,MOSTERHAMN,4613,2948
5449,BØMLO,4613,2949
5450,SUNDE I SUNNHORDLAND,4617,2950
5451,VALEN,4617,2951
5452,SANDVOLL,4617,2952
5453,UTÅKER,4617,2953
5454,SÆBØVIK,4617,2954
5455,HALSNØY KLOSTER,4617,2955
5457,HØYLANDSBYGD,4617,2956
5458,ARNAVIK,4617,2957
5459,FJELBERG,4617,2958
5460,HUSNES,4617,2959
5462,HERØYSUNDET,4617,2960
5463,USKEDALEN,4617,2961
5464,DIMMELSVIK,4617,2962
5465,USKEDALEN,4617,2963
5470,ROSENDAL,4617,2964
5472,SEIMSFOSS,4617,2965
5473,SNILSTVEITØY,4617,2966
5474,LØFALLSTRAND,4617,2967
5475,ÆNES,4617,2968
5476,MAURANGER,4617,2969
5480,HUSNES,4617,2970
5484,SÆBØVIK,4617,2971
5486,ROSENDAL,4617,2972
5498,MATRE,4617,2973
5499,ÅKRA,4617,2974
5501,HAUGESUND,1106,2975
5502,HAUGESUND,1106,2976
5503,HAUGESUND,1106,2977
5504,HAUGESUND,1106,2978
5505,HAUGESUND,1106,2979
5506,HAUGESUND,1106,2980
5507,HAUGESUND,1106,2981
5508,KARMSUND,1149,2982
5509,HAUGESUND,1106,2983
5511,HAUGESUND,1106,2984
5512,HAUGESUND,1106,2985
5514,HAUGESUND,1106,2986
5515,HAUGESUND,1106,2987
5516,HAUGESUND,1106,2988
5517,HAUGESUND,1106,2989
5518,HAUGESUND,1106,2990
5519,HAUGESUND,1106,2991
5521,HAUGESUND,1106,2992
5522,HAUGESUND,1106,2993
5523,HAUGESUND,1106,2994
5525,HAUGESUND,1106,2995
5527,HAUGESUND,1106,2996
5528,HAUGESUND,1106,2997
5529,HAUGESUND,1106,2998
5531,HAUGESUND,1106,2999
5532,HAUGESUND,1106,3000
5533,HAUGESUND,1106,3001
5534,HAUGESUND,1106,3002
5535,HAUGESUND,1106,3003
5536,HAUGESUND,1106,3004
5537,HAUGESUND,1106,3005
5538,HAUGESUND,1106,3006
5541,KOLNES,1149,3007
5542,KARMSUND,1149,3008
5544,VORMEDAL,1149,3009
5545,VORMEDAL,1149,3010
5546,RØYKSUND,1149,3011
5547,UTSIRA,1151,3012
5548,FEØY,1149,3013
5549,RØVÆR,1106,3014
5550,SVEIO,4612,3015
5551,AUKLANDSHAMN,4612,3016
5554,VALEVÅG,4612,3017
5555,FØRDE I HORDALAND,4612,3018
5556,FØRDE I HORDALAND,4612,3019
5559,SVEIO,4612,3020
5560,NEDSTRAND,1146,3021
5561,BOKN,1145,3022
5562,NEDSTRAND,1146,3023
5563,FØRRESFJORDEN,1146,3024
5565,TYSVÆRVÅG,1146,3025
5566,HERVIK,1146,3026
5567,SKJOLDASTRAUMEN,1146,3027
5568,VIKEBYGD,1160,3028
5569,BOKN,1145,3029
5570,AKSDAL,1146,3030
5574,SKJOLD,1160,3031
5575,AKSDAL,1146,3032
5576,ØVRE VATS,1160,3033
5578,NEDRE VATS,1160,3034
5580,ØLEN,1160,3035
5582,ØLENSVÅG,1160,3036
5583,VIKEDAL,1160,3037
5584,BJOA,1160,3038
5585,SANDEID,1160,3039
5586,VIKEDAL,1160,3040
5588,ØLEN,1160,3041
5589,SANDEID,1160,3042
5590,ETNE,4611,3043
5591,ETNE,4611,3044
5593,SKÅNEVIK,4611,3045
5594,SKÅNEVIK,4611,3046
5595,FØRRESFJORDEN,1146,3047
5596,MARKHUS,4611,3048
5598,FJÆRA,4611,3049
5600,NORHEIMSUND,4622,3050
5601,NORHEIMSUND,4622,3051
5602,NORHEIMSUND,4622,3052
5604,ØYSTESE,4622,3053
5605,ÅLVIK,4622,3054
5610,ØYSTESE,4622,3055
5612,STEINSTØ,4622,3056
5614,ÅLVIK,4622,3057
5620,TØRVIKBYGD,4622,3058
5626,KYSNESSTRAND,4618,3059
5627,JONDAL,4618,3060
5628,HERAND,4618,3061
5629,JONDAL,4618,3062
5630,STRANDEBARM,4622,3063
5631,STRANDEBARM,4622,3064
5632,OMASTRAND,4622,3065
5633,OMASTRAND,4622,3066
5635,HATLESTRAND,4617,3067
5636,VARALDSØY,4617,3068
5637,ØLVE,4617,3069
5640,EIKELANDSOSEN,4624,3070
5641,FUSA,4624,3071
5642,HOLMEFJORD,4624,3072
5643,STRANDVIK,4624,3073
5644,SÆVAREID,4624,3074
5645,SÆVAREID,4624,3075
5646,NORDTVEITGREND,4624,3076
5647,BALDERSHEIM,4624,3077
5648,FUSA,4624,3078
5649,EIKELANDSOSEN,4624,3079
5650,TYSSE,4623,3080
5651,TYSSE,4623,3081
5652,ÅRLAND,4623,3082
5653,ÅRLAND,4623,3083
5680,TYSNES,4616,3084
5683,REKSTEREN,4616,3085
5685,UGGDAL,4616,3086
5687,FLATRÅKER,4616,3087
5690,LUNDEGREND,4616,3088
5693,ÅRBAKKA,4616,3089
5694,ONARHEIM,4616,3090
5695,UGGDAL,4616,3091
5696,TYSNES,4616,3092
5700,VOSS,4621,3093
5701,VOSS,4621,3094
5702,VOSS,4621,3095
5703,VOSS,4621,3096
5704,VOSS,4621,3097
5705,VOSS,4621,3098
5706,VOSS,4621,3099
5707,EVANGER,4621,3100
5708,VOSS,4621,3101
5709,VOSS,4621,3102
5710,SKULESTADMO,4621,3103
5711,SKULESTADMO,4621,3104
5712,VOSSESTRAND,4621,3105
5713,VOSSESTRAND,4621,3106
5714,VOSS,4621,3107
5715,STALHEIM,4621,3108
5718,MYRDAL,4641,3109
5719,FINSE,4620,3110
5720,STANGHELLE,4628,3111
5721,DALEKVAM,4628,3112
5722,DALEKVAM,4628,3113
5723,BOLSTADØYRI,4621,3114
5724,STANGHELLE,4628,3115
5725,VAKSDAL,4628,3116
5726,VAKSDAL,4628,3117
5727,STAMNES,4628,3118
5728,EIDSLANDET,4628,3119
5729,MODALEN,4629,3120
5730,ULVIK,4620,3121
5731,ULVIK,4620,3122
5732,MODALEN,4629,3123
5733,GRANVIN,4621,3124
5734,VALLAVIK,4621,3125
5736,GRANVIN,4621,3126
5741,AURLAND,4641,3127
5742,FLÅM,4641,3128
5743,FLÅM,4641,3129
5745,AURLAND,4641,3130
5746,UNDREDAL,4641,3131
5747,GUDVANGEN,4641,3132
5749,GUDVANGEN,4641,3133
5750,ODDA,4618,3134
5751,ODDA,4618,3135
5752,ODDA,4618,3136
5760,RØLDAL,4618,3137
5763,SKARE,4618,3138
5770,TYSSEDAL,4618,3139
5773,HOVLAND,4618,3140
5775,NÅ,4618,3141
5776,NÅ,4618,3142
5777,GRIMO,4618,3143
5778,UTNE,4618,3144
5779,UTNE,4618,3145
5780,KINSARVIK,4618,3146
5781,LOFTHUS,4618,3147
5782,KINSARVIK,4618,3148
5783,EIDFJORD,4619,3149
5784,ØVRE EIDFJORD,4619,3150
5785,VØRINGSFOSS,4619,3151
5786,EIDFJORD,4619,3152
5787,LOFTHUS,4618,3153
5788,KINSARVIK,4618,3154
5802,BERGEN,4601,3155
5803,BERGEN,4601,3156
5804,BERGEN,4601,3157
5805,BERGEN,4601,3158
5806,BERGEN,4601,3159
5807,BERGEN,4601,3160
5808,BERGEN,4601,3161
5809,BERGEN,4601,3162
5810,BERGEN,4601,3163
5811,BERGEN,4601,3164
5812,BERGEN,4601,3165
5813,BERGEN,4601,3166
5814,BERGEN,4601,3167
5815,BERGEN,4601,3168
5816,BERGEN,4601,3169
5817,BERGEN,4601,3170
5818,BERGEN,4601,3171
5819,BERGEN,4601,3172
5820,BERGEN,4601,3173
5821,BERGEN,4601,3174
5822,BERGEN,4601,3175
5823,BERGEN,4601,3176
5824,BERGEN,4601,3177
5825,BERGEN,4601,3178
5826,BERGEN,4601,3179
5827,BERGEN,4601,3180
5829,BERGEN,4601,3181
5830,BERGEN,4601,3182
5831,BERGEN,4601,3183
5832,BERGEN,4601,3184
5833,BERGEN,4601,3185
5834,BERGEN,4601,3186
5835,BERGEN,4601,3187
5836,BERGEN,4601,3188
5837,BERGEN,4601,3189
5838,BERGEN,4601,3190
5841,BERGEN,4601,3191
5843,BERGEN,4601,3192
5844,BERGEN,4601,3193
5845,BERGEN,4601,3194
5847,BERGEN,4601,3195
5848,BERGEN,4601,3196
5849,BERGEN,4601,3197
5851,BERGEN,4601,3198
5852,BERGEN,4601,3199
5853,BERGEN,4601,3200
5854,BERGEN,4601,3201
5855,BERGEN,4601,3202
5857,BERGEN,4601,3203
5858,BERGEN,4601,3204
5859,BERGEN,4601,3205
5861,BERGEN,4601,3206
5862,BERGEN,4601,3207
5863,BERGEN,4601,3208
5864,BERGEN,4601,3209
5865,BERGEN,4601,3210
5866,BERGEN,4601,3211
5867,BERGEN,4601,3212
5868,BERGEN,4601,3213
5872,BERGEN,4601,3214
5873,BERGEN,4601,3215
5876,BERGEN,4601,3216
5877,BERGEN,4601,3217
5878,BERGEN,4601,3218
5879,BERGEN,4601,3219
5881,BERGEN,4601,3220
5884,BERGEN,4601,3221
5886,BERGEN,4601,3222
5887,BERGEN,4601,3223
5888,BERGEN,4601,3224
5889,BERGEN,4601,3225
5892,BERGEN,4601,3226
5893,BERGEN,4601,3227
5895,BERGEN,4601,3228
5896,BERGEN,4601,3229
5899,BERGEN,4601,3230
5902,ISDALSTØ,4631,3231
5903,ISDALSTØ,4631,3232
5904,ISDALSTØ,4631,3233
5906,FREKHAUG,4631,3234
5907,ALVERSUND,4631,3235
5908,ISDALSTØ,4631,3236
5911,ALVERSUND,4631,3237
5912,SEIM,4631,3238
5913,EIKANGERVÅG,4631,3239
5914,ISDALSTØ,4631,3240
5915,HJELMÅS,4631,3241
5916,ISDALSTØ,4631,3242
5917,ROSSLAND,4631,3243
5918,FREKHAUG,4631,3244
5919,FREKHAUG,4631,3245
5931,MANGER,4631,3246
5935,BØVÅGEN,4631,3247
5936,MANGER,4631,3248
5937,BØVÅGEN,4631,3249
5938,SÆBØVÅGEN,4631,3250
5939,SLETTA,4631,3251
5941,AUSTRHEIM,4632,3252
5943,AUSTRHEIM,4632,3253
5947,FEDJE,4633,3254
5948,FEDJE,4633,3255
5951,LINDÅS,4631,3256
5952,FONNES,4632,3257
5953,FONNES,4632,3258
5954,MONGSTAD,4631,3259
5955,LINDÅS,4631,3260
5956,HUNDVIN,4631,3261
5957,MYKING,4631,3262
5960,DALSØYRA,4635,3263
5961,BREKKE,4635,3264
5962,BJORDAL,4638,3265
5963,DALSØYRA,4635,3266
5964,BREKKE,4635,3267
5965,BJORDAL,4638,3268
5966,EIVINDVIK,4635,3269
5967,EIVINDVIK,4635,3270
5970,BYRKNESØY,4635,3271
5977,ÅNNELAND,4635,3272
5978,MJØMNA,4635,3273
5979,BYRKNESØY,4635,3274
5981,MASFJORDNES,4634,3275
5983,HAUGSVÆR,4634,3276
5984,MATREDAL,4634,3277
5985,HAUGSVÆR,4634,3278
5986,HOSTELAND,4634,3279
5987,HOSTELAND,4634,3280
5991,OSTEREIDET,4631,3281
5993,OSTEREIDET,4631,3282
5994,VIKANES,4631,3283
6001,ÅLESUND,1508,3284
6002,ÅLESUND,1508,3285
6003,ÅLESUND,1508,3286
6004,ÅLESUND,1508,3287
6005,ÅLESUND,1508,3288
6006,ÅLESUND,1508,3289
6007,ÅLESUND,1508,3290
6008,ÅLESUND,1508,3291
6009,ÅLESUND,1508,3292
6010,ÅLESUND,1508,3293
6011,ÅLESUND,1508,3294
6012,ÅLESUND,1508,3295
6013,ÅLESUND,1508,3296
6014,ÅLESUND,1508,3297
6015,ÅLESUND,1508,3298
6016,ÅLESUND,1508,3299
6017,ÅLESUND,1508,3300
6018,ÅLESUND,1508,3301
6019,ÅLESUND,1508,3302
6020,ÅLESUND,1508,3303
6021,ÅLESUND,1508,3304
6022,ÅLESUND,1508,3305
6023,ÅLESUND,1508,3306
6024,ÅLESUND,1508,3307
6025,ÅLESUND,1508,3308
6026,ÅLESUND,1508,3309
6028,ÅLESUND,1508,3310
6030,LANGEVÅG,1531,3311
6034,EIDSNES,1531,3312
6035,FISKARSTRAND,1531,3313
6036,MAUSEIDVÅG,1531,3314
6037,EIDSNES,1531,3315
6039,LANGEVÅG,1531,3316
6040,VIGRA,1532,3317
6044,ÅLESUND,1508,3318
6045,ÅLESUND,1508,3319
6046,ÅLESUND,1508,3320
6047,ÅLESUND,1508,3321
6048,ÅLESUND,1508,3322
6050,VALDERØYA,1532,3323
6052,GISKE,1532,3324
6054,GODØYA,1532,3325
6055,GODØYA,1532,3326
6057,ELLINGSØY,1508,3327
6058,VALDERØYA,1532,3328
6059,VIGRA,1532,3329
6060,HAREID,1517,3330
6062,BRANDAL,1517,3331
6063,HJØRUNGAVÅG,1517,3332
6064,HADDAL,1516,3333
6065,ULSTEINVIK,1516,3334
6067,ULSTEINVIK,1516,3335
6068,EIKSUND,1516,3336
6069,HAREID,1517,3337
6070,TJØRVÅG,1515,3338
6075,MOLTUSTRANDA,1515,3339
6076,MOLTUSTRANDA,1515,3340
6078,GJERDSVIKA,1514,3341
6080,GURSKØY,1515,3342
6082,GURSKEN,1514,3343
6083,GJERDSVIKA,1514,3344
6084,LARSNES,1514,3345
6085,LARSNES,1514,3346
6086,KVAMSØY,1514,3347
6087,KVAMSØY,1514,3348
6088,SANDSHAMN,1514,3349
6089,SANDSHAMN,1514,3350
6090,FOSNAVÅG,1515,3351
6091,FOSNAVÅG,1515,3352
6092,FOSNAVÅG,1515,3353
6094,LEINØY,1515,3354
6095,BØLANDET,1515,3355
6096,RUNDE,1515,3356
6098,NERLANDSØY,1515,3357
6099,FOSNAVÅG,1515,3358
6100,VOLDA,1577,3359
6101,VOLDA,1577,3360
6102,VOLDA,1577,3361
6103,VOLDA,1577,3362
6104,VOLDA,1577,3363
6105,VOLDA,1577,3364
6106,VOLDA,1577,3365
6110,AUSTEFJORDEN,1577,3366
6120,FOLKESTAD,1577,3367
6121,FOLKESTAD,1577,3368
6133,LAUVSTAD,1577,3369
6138,SYVDE,1511,3370
6139,FISKÅ,1511,3371
6140,SYVDE,1511,3372
6141,ROVDE,1511,3373
6142,EIDSÅ,1511,3374
6143,FISKÅ,1511,3375
6144,SYLTE,1511,3376
6146,ÅHEIM,1511,3377
6147,ÅHEIM,1511,3378
6149,ÅRAM,1511,3379
6150,ØRSTA,1520,3380
6151,ØRSTA,1520,3381
6152,ØRSTA,1520,3382
6153,ØRSTA,1520,3383
6154,ØRSTA,1520,3384
6155,ØRSTA,1520,3385
6156,ØRSTA,1520,3386
6160,HOVDEBYGDA,1520,3387
6161,HOVDEBYGDA,1520,3388
6165,SÆBØ,1520,3389
6166,SÆBØ,1520,3390
6170,VARTDAL,1520,3391
6171,VARTDAL,1520,3392
6174,BARSTADVIK,1520,3393
6183,TRANDAL,1520,3394
6184,STORESTANDAL,1520,3395
6190,BJØRKE,1577,3396
6196,NORANGSFJORDEN,1520,3397
6200,STRANDA,1525,3398
6201,STRANDA,1525,3399
6210,VALLDAL,1578,3400
6211,VALLDAL,1578,3401
6212,LIABYGDA,1525,3402
6213,TAFJORD,1578,3403
6214,NORDDAL,1578,3404
6215,EIDSDAL,1578,3405
6216,GEIRANGER,1525,3406
6217,GEIRANGER,1525,3407
6218,HELLESYLT,1525,3408
6219,HELLESYLT,1525,3409
6220,STRAUMGJERDE,1528,3410
6222,IKORNNES,1528,3411
6223,IKORNNES,1528,3412
6224,HUNDEIDVIK,1528,3413
6230,SYKKYLVEN,1528,3414
6238,STRAUMGJERDE,1528,3415
6239,SYKKYLVEN,1528,3416
6240,ØRSKOG,1508,3417
6249,ØRSKOG,1508,3418
6250,STORDAL,1578,3419
6255,EIDSDAL,1578,3420
6259,STORDAL,1578,3421
6260,SKODJE,1508,3422
6263,SKODJE,1508,3423
6264,TENNFJORD,1580,3424
6265,VATNE,1580,3425
6270,BRATTVÅG,1580,3426
6272,HILDRE,1580,3427
6280,SØVIK,1580,3428
6281,SØVIK,1580,3429
6282,BRATTVÅG,1580,3430
6283,VATNE,1580,3431
6285,STOREKALVØY,1580,3432
6286,ORTEN,1547,3433
6287,HARØY,1508,3434
6290,HARAMSØY,1580,3435
6291,HARAMSØY,1580,3436
6292,KJERSTAD,1580,3437
6293,LONGVA,1580,3438
6294,FJØRTOFT,1580,3439
6295,MYKLEBUST,1508,3440
6296,HARØY,1508,3441
6297,SANDØY,1508,3442
6298,ONA,1508,3443
6300,ÅNDALSNES,1539,3444
6301,ÅNDALSNES,1539,3445
6310,VEBLUNGSNES,1539,3446
6315,INNFJORDEN,1539,3447
6320,ISFJORDEN,1539,3448
6330,VERMA,1539,3449
6331,VERMA,1539,3450
6339,ISFJORDEN,1539,3451
6350,EIDSBYGDA,1539,3452
6360,ÅFARNES,1539,3453
6361,ÅFARNES,1539,3454
6363,MITTET,1539,3455
6364,VISTDAL,1506,3456
6365,VISTDAL,1506,3457
6385,MÅNDALEN,1539,3458
6386,MÅNDALEN,1539,3459
6387,VÅGSTRANDA,1535,3460
6388,VÅGSTRANDA,1535,3461
6389,FIKSDAL,1535,3462
6390,VESTNES,1535,3463
6391,TRESFJORD,1535,3464
6392,VIKEBUKT,1535,3465
6393,TOMREFJORD,1535,3466
6394,FIKSDAL,1535,3467
6395,REKDAL,1535,3468
6396,VIKEBUKT,1535,3469
6397,TRESFJORD,1535,3470
6398,TOMREFJORD,1535,3471
6399,VESTNES,1535,3472
6401,MOLDE,1506,3473
6402,MOLDE,1506,3474
6403,MOLDE,1506,3475
6404,MOLDE,1506,3476
6405,MOLDE,1506,3477
6407,MOLDE,1506,3478
6408,AUREOSEN,1579,3479
6409,MOLDE,1547,3480
6410,MOLDE,1506,3481
6411,MOLDE,1506,3482
6412,MOLDE,1506,3483
6413,MOLDE,1506,3484
6414,MOLDE,1506,3485
6415,MOLDE,1506,3486
6416,MOLDE,1506,3487
6418,SEKKEN,1506,3488
6419,MOLDE,1506,3489
6420,MOLDE,1506,3490
6421,MOLDE,1506,3491
6422,MOLDE,1506,3492
6423,MOLDE,1506,3493
6425,MOLDE,1506,3494
6429,MOLDE,1506,3495
6430,BUD,1579,3496
6431,BUD,1579,3497
6433,HUSTAD,1579,3498
6434,MOLDE,1506,3499
6436,MOLDE,1506,3500
6440,ELNESVÅGEN,1579,3501
6443,TORNES I ROMSDAL,1579,3502
6444,FARSTAD,1579,3503
6445,MALMEFJORDEN,1579,3504
6446,FARSTAD,1579,3505
6447,ELNESVÅGEN,1579,3506
6450,HJELSET,1506,3507
6452,KLEIVE,1506,3508
6453,KLEIVE,1506,3509
6454,HJELSET,1506,3510
6455,KORTGARDEN,1506,3511
6456,SKÅLA,1506,3512
6457,BOLSØYA,1506,3513
6458,SKÅLA,1506,3514
6460,EIDSVÅG I ROMSDAL,1506,3515
6461,EIDSVÅG I ROMSDAL,1506,3516
6462,RAUDSAND,1506,3517
6470,ERESFJORD,1506,3518
6471,ERESFJORD,1506,3519
6472,EIKESDAL,1506,3520
6475,MIDSUND,1506,3521
6476,MIDSUND,1506,3522
6480,AUKRA,1547,3523
6481,AUKRA,1547,3524
6490,EIDE,1579,3525
6493,LYNGSTAD,1579,3526
6494,VEVANG,1579,3527
6499,EIDE,1579,3528
6501,KRISTIANSUND N,1505,3529
6502,KRISTIANSUND N,1505,3530
6503,KRISTIANSUND N,1505,3531
6504,KRISTIANSUND N,1505,3532
6507,KRISTIANSUND N,1505,3533
6508,KRISTIANSUND N,1505,3534
6509,KRISTIANSUND N,1505,3535
6510,KRISTIANSUND N,1505,3536
6511,KRISTIANSUND N,1505,3537
6512,KRISTIANSUND N,1505,3538
6514,KRISTIANSUND N,1505,3539
6515,KRISTIANSUND N,1505,3540
6516,KRISTIANSUND N,1505,3541
6517,KRISTIANSUND N,1505,3542
6518,KRISTIANSUND N,1505,3543
6520,FREI,1505,3544
6521,FREI,1505,3545
6522,FREI,1505,3546
6523,FREI,1505,3547
6524,FREI,1505,3548
6525,FREI,1505,3549
6527,FREI,1505,3550
6528,FREI,1505,3551
6529,FREI,1505,3552
6530,AVERØY,1554,3553
6531,AVERØY,1554,3554
6532,AVERØY,1554,3555
6533,AVERØY,1554,3556
6538,AVERØY,1554,3557
6539,AVERØY,1554,3558
6546,KRISTIANSUND N,1505,3559
6547,KRISTIANSUND N,1505,3560
6548,KRISTIANSUND N,1505,3561
6570,SMØLA,1573,3562
6571,SMØLA,1573,3563
6590,TUSTNA,1576,3564
6591,TUSTNA,1576,3565
6600,SUNNDALSØRA,1563,3566
6601,SUNNDALSØRA,1563,3567
6610,ØKSENDAL,1563,3568
6611,FURUGRENDA,1563,3569
6612,GRØA,1563,3570
6613,GJØRA,1563,3571
6614,GJØRA,1563,3572
6620,ÅLVUNDEID,1563,3573
6622,ÅLVUNDFJORD,1563,3574
6623,ÅLVUNDFJORD,1563,3575
6627,TINGVOLL,1560,3576
6628,MEISINGSET,1560,3577
6629,TORJULVÅGEN,1560,3578
6630,TINGVOLL,1560,3579
6631,BATNFJORDSØRA,1557,3580
6632,BATNFJORDSØRA,1557,3581
6633,GJEMNES,1557,3582
6636,ANGVIK,1557,3583
6637,FLEMMA,1557,3584
6638,OSMARKA,1557,3585
6639,TORVIKBUKT,1557,3586
6640,KVANNE,1566,3587
6641,TORVIKBUKT,1557,3588
6642,STANGVIK,1566,3589
6643,BØFJORDEN,1566,3590
6644,BÆVERFJORD,1566,3591
6645,TODALEN,1566,3592
6650,SURNADAL,1566,3593
6652,SURNADAL,1566,3594
6653,ØVRE SURNADAL,1566,3595
6655,VINDØLA,1566,3596
6656,SURNADAL,1566,3597
6657,RINDAL,5061,3598
6658,RINDALSSKOGEN,5061,3599
6659,RINDAL,5061,3600
6670,ØYDEGARD,1560,3601
6671,ØYDEGARD,1560,3602
6674,KVISVIK,1560,3603
6675,KVISVIK,1560,3604
6680,HALSANAUSTAN,5055,3605
6683,VÅGLAND,5055,3606
6686,VALSØYBOTN,5055,3607
6687,VALSØYFJORD,5055,3608
6688,VÅGLAND,5055,3609
6689,AURE,1576,3610
6690,AURE,1576,3611
6693,MJOSUNDET,1576,3612
6694,FOLDFJORDEN,1576,3613
6697,VIHALS,1576,3614
6698,LESUND,1576,3615
6699,KJØRSVIKBUGEN,1576,3616
6700,MÅLØY,4602,3617
6701,MÅLØY,4602,3618
6702,MÅLØY,4602,3619
6704,DEKNEPOLLEN,4602,3620
6707,RAUDEBERG,4602,3621
6708,BRYGGJA,4649,3622
6710,RAUDEBERG,4602,3623
6711,BRYGGJA,4649,3624
6713,ALMENNINGEN,4602,3625
6714,SILDA,4602,3626
6715,BARMEN,4649,3627
6716,HUSEVÅG,4602,3628
6717,FLATRAKET,4649,3629
6718,DEKNEPOLLEN,4602,3630
6719,SKATESTRAUMEN,4648,3631
6721,SVELGEN,4648,3632
6723,SVELGEN,4648,3633
6726,BREMANGER,4648,3634
6727,BREMANGER,4648,3635
6728,KALVÅG,4648,3636
6729,KALVÅG,4648,3637
6730,DAVIK,4648,3638
6734,RUGSUND,4648,3639
6737,ÅLFOTEN,4648,3640
6740,SELJE,4649,3641
6741,SELJE,4649,3642
6750,STADLANDET,4649,3643
6751,STADLANDET,4649,3644
6761,HORNINDAL,1577,3645
6763,HORNINDAL,1577,3646
6770,NORDFJORDEID,4649,3647
6771,NORDFJORDEID,4649,3648
6772,NORDFJORDEID,4649,3649
6773,NORDFJORDEID,4649,3650
6774,NORDFJORDEID,4649,3651
6776,KJØLSDALEN,4649,3652
6777,STÅRHEIM,4649,3653
6778,LOTE,4649,3654
6779,HOLMØYANE,4649,3655
6781,STRYN,4651,3656
6782,STRYN,4651,3657
6783,STRYN,4651,3658
6784,OLDEN,4651,3659
6788,OLDEN,4651,3660
6789,LOEN,4651,3661
6790,LOEN,4651,3662
6791,OLDEDALEN,4651,3663
6792,BRIKSDALSBRE,4651,3664
6793,INNVIK,4651,3665
6794,INNVIK,4651,3666
6795,BLAKSÆTER,4651,3667
6796,HOPLAND,4651,3668
6797,UTVIK,4651,3669
6798,HJELLEDALEN,4651,3670
6799,OPPSTRYN,4651,3671
6800,FØRDE,4647,3672
6801,FØRDE,4647,3673
6802,FØRDE,4647,3674
6803,FØRDE,4647,3675
6804,FØRDE,4647,3676
6805,FØRDE,4647,3677
6806,NAUSTDAL,4647,3678
6807,FØRDE,4647,3679
6808,FØRDE,4647,3680
6809,FØRDE,4647,3681
6810,FØRDE,4647,3682
6811,FØRDE,4647,3683
6812,FØRDE,4647,3684
6813,FØRDE,4647,3685
6814,FØRDE,4647,3686
6815,FØRDE,4647,3687
6817,NAUSTDAL,4647,3688
6818,HAUKEDALEN,4647,3689
6819,FØRDE,4647,3690
6820,FØRDE,4647,3691
6821,SANDANE,4650,3692
6822,SANDANE,4650,3693
6823,SANDANE,4650,3694
6826,BYRKJELO,4650,3695
6827,BREIM,4650,3696
6828,HESTENESØYRA,4650,3697
6829,HYEN,4650,3698
6830,BYRKJELO,4650,3699
6831,HYEN,4650,3700
6841,SKEI I JØLSTER,4647,3701
6843,SKEI I JØLSTER,4647,3702
6844,VASSENDEN,4647,3703
6847,VASSENDEN,4647,3704
6848,FJÆRLAND,4640,3705
6849,KAUPANGER,4640,3706
6851,SOGNDAL,4640,3707
6852,SOGNDAL,4640,3708
6853,SOGNDAL,4640,3709
6854,KAUPANGER,4640,3710
6855,FRØNNINGEN,4642,3711
6856,SOGNDAL,4640,3712
6857,SOGNDAL,4640,3713
6858,FARDAL,4640,3714
6859,SLINDA,4640,3715
6861,LEIKANGER,4640,3716
6863,LEIKANGER,4640,3717
6866,GAUPNE,4644,3718
6867,HAFSLO,4644,3719
6868,GAUPNE,4644,3720
6869,HAFSLO,4644,3721
6870,ORNES,4644,3722
6871,JOSTEDAL,4644,3723
6872,LUSTER,4644,3724
6873,MARIFJØRA,4644,3725
6874,LUSTER,4644,3726
6875,HØYHEIMSVIK,4644,3727
6876,SKJOLDEN,4644,3728
6877,FORTUN,4644,3729
6878,VEITASTROND,4644,3730
6879,SOLVORN,4644,3731
6881,ÅRDALSTANGEN,4643,3732
6882,ØVRE ÅRDAL,4643,3733
6884,ØVRE ÅRDAL,4643,3734
6885,ÅRDALSTANGEN,4643,3735
6886,LÆRDAL,4642,3736
6887,LÆRDAL,4642,3737
6888,BORGUND,4642,3738
6891,VIK I SOGN,4639,3739
6893,VIK I SOGN,4639,3740
6894,VANGSNES,4639,3741
6895,FEIOS,4639,3742
6896,FRESVIK,4639,3743
6898,BALESTRAND,4640,3744
6899,BALESTRAND,4640,3745
6900,FLORØ,4602,3746
6901,FLORØ,4602,3747
6902,FLORØ,4602,3748
6903,FLORØ,4602,3749
6905,FLORØ,4602,3750
6906,FLORØ,4602,3751
6907,FLORØ,4602,3752
6908,FLORØ,4602,3753
6909,FLORØ,4602,3754
6910,FLORØ,4602,3755
6912,KINN,4602,3756
6913,FLORØ,4602,3757
6914,SVANØYBUKT,4602,3758
6915,ROGNALDSVÅG,4602,3759
6916,BAREKSTAD,4602,3760
6917,BATALDEN,4602,3761
6918,SØR-SKORPA,4602,3762
6919,TANSØY,4602,3763
6921,HARDBAKKE,4636,3764
6924,HARDBAKKE,4636,3765
6926,KRAKHELLA,4636,3766
6927,YTRØYGREND,4636,3767
6928,KOLGROV,4636,3768
6929,HERSVIKBYGDA,4636,3769
6940,EIKEFJORD,4602,3770
6941,EIKEFJORD,4602,3771
6942,SVORTEVIK,4602,3772
6944,STAVANG,4602,3773
6946,LAVIK,4638,3774
6947,LAVIK,4638,3775
6951,HYLLESTAD,4637,3776
6953,LEIRVIK I SOGN,4637,3777
6957,HYLLESTAD,4637,3778
6958,SØRBØVÅG,4637,3779
6959,SØRBØVÅG,4637,3780
6961,DALE I SUNNFJORD,4646,3781
6963,DALE I SUNNFJORD,4646,3782
6964,KORSSUND,4646,3783
6966,GUDDAL,4646,3784
6967,HELLEVIK I FJALER,4646,3785
6968,FLEKKE,4646,3786
6969,STRAUMSNES,4646,3787
6971,SANDE I SUNNFJORD,4647,3788
6973,SANDE I SUNNFJORD,4647,3789
6975,SKILBREI,4647,3790
6976,BYGSTAD,4647,3791
6977,BYGSTAD,4647,3792
6978,VIKSDALEN,4647,3793
6980,ASKVOLL,4645,3794
6982,HOLMEDAL,4645,3795
6983,KVAMMEN,4645,3796
6984,STONGFJORDEN,4645,3797
6985,ATLØY,4645,3798
6986,VÆRLANDET,4645,3799
6987,BULANDET,4645,3800
6988,ASKVOLL,4645,3801
6991,HØYANGER,4638,3802
6993,HØYANGER,4638,3803
6994,NESSANE,4638,3804
6995,KYRKJEBØ,4638,3805
6996,VADHEIM,4638,3806
7003,TRONDHEIM,5001,3807
7004,TRONDHEIM,5001,3808
7005,TRONDHEIM,5001,3809
7006,TRONDHEIM,5001,3810
7010,TRONDHEIM,5001,3811
7011,TRONDHEIM,5001,3812
7012,TRONDHEIM,5001,3813
7013,TRONDHEIM,5001,3814
7014,TRONDHEIM,5001,3815
7015,TRONDHEIM,5001,3816
7016,TRONDHEIM,5001,3817
7017,TRONDHEIM,5001,3818
7018,TRONDHEIM,5001,3819
7019,TRONDHEIM,5001,3820
7020,TRONDHEIM,5001,3821
7021,TRONDHEIM,5001,3822
7022,TRONDHEIM,5001,3823
7023,TRONDHEIM,5001,3824
7024,TRONDHEIM,5001,3825
7025,TRONDHEIM,5001,3826
7026,TRONDHEIM,5001,3827
7027,TRONDHEIM,5001,3828
7028,TRONDHEIM,5001,3829
7029,TRONDHEIM,5001,3830
7030,TRONDHEIM,5001,3831
7031,TRONDHEIM,5001,3832
7032,TRONDHEIM,5001,3833
7033,TRONDHEIM,5001,3834
7034,TRONDHEIM,5001,3835
7035,TRONDHEIM,5001,3836
7036,TRONDHEIM,5001,3837
7037,TRONDHEIM,5001,3838
7038,TRONDHEIM,5001,3839
7039,TRONDHEIM,5001,3840
7040,TRONDHEIM,5001,3841
7041,TRONDHEIM,5001,3842
7042,TRONDHEIM,5001,3843
7043,TRONDHEIM,5001,3844
7044,TRONDHEIM,5001,3845
7045,TRONDHEIM,5001,3846
7046,TRONDHEIM,5001,3847
7047,TRONDHEIM,5001,3848
7048,TRONDHEIM,5001,3849
7049,TRONDHEIM,5001,3850
7050,TRONDHEIM,5001,3851
7051,TRONDHEIM,5001,3852
7052,TRONDHEIM,5001,3853
7053,RANHEIM,5001,3854
7054,RANHEIM,5001,3855
7055,RANHEIM,5001,3856
7056,RANHEIM,5001,3857
7057,JONSVATNET,5001,3858
7058,CHARLOTTENLUND,5001,3859
7059,JAKOBSLI,5001,3860
7060,CHARLOTTENLUND,5001,3861
7061,TRONDHEIM,5001,3862
7066,TRONDHEIM,5001,3863
7067,TRONDHEIM,5001,3864
7068,TRONDHEIM,5001,3865
7069,TRONDHEIM,5001,3866
7070,BOSBERG,5001,3867
7071,TRONDHEIM,5001,3868
7072,HEIMDAL,5001,3869
7074,SPONGDAL,5001,3870
7075,TILLER,5001,3871
7078,SAUPSTAD,5001,3872
7079,FLATÅSEN,5001,3873
7080,HEIMDAL,5001,3874
7081,SJETNEMARKA,5001,3875
7082,KATTEM,5001,3876
7083,LEINSTRAND,5001,3877
7088,HEIMDAL,5001,3878
7089,HEIMDAL,5001,3879
7091,TILLER,5001,3880
7092,TILLER,5001,3881
7093,TILLER,5001,3882
7097,SAUPSTAD,5001,3883
7098,SAUPSTAD,5001,3884
7099,FLATÅSEN,5001,3885
7100,RISSA,5054,3886
7101,RISSA,5054,3887
7105,STADSBYGD,5054,3888
7110,FEVÅG,5054,3889
7111,HASSELVIKA,5054,3890
7112,HASSELVIKA,5054,3891
7113,HUSBYSJØEN,5054,3892
7114,RÅKVÅG,5054,3893
7115,HUSBYSJØEN,5054,3894
7116,RÅKVÅG,5054,3895
7119,STADSBYGD,5054,3896
7120,LEKSVIK,5054,3897
7121,LEKSVIK,5054,3898
7125,VANVIKAN,5054,3899
7126,VANVIKAN,5054,3900
7127,OPPHAUG,5057,3901
7129,BREKSTAD,5057,3902
7130,BREKSTAD,5057,3903
7140,OPPHAUG,5057,3904
7142,UTHAUG,5057,3905
7150,STORFOSNA,5057,3906
7151,STORFOSNA,5057,3907
7152,KRÅKVÅG,5057,3908
7153,GARTEN,5057,3909
7156,LEKSA,5059,3910
7159,BJUGN,5057,3911
7160,BJUGN,5057,3912
7164,LYSØYSUNDET,5057,3913
7165,OKSVOLL,5057,3914
7166,TARVA,5057,3915
7167,VALLERSUND,5057,3916
7168,LYSØYSUNDET,5057,3917
7169,ÅFJORD,5058,3918
7170,ÅFJORD,5058,3919
7174,REVSNES,5058,3920
7175,STOKKØY,5058,3921
7176,LINESØYA,5058,3922
7177,REVSNES,5058,3923
7178,STOKKØY,5058,3924
7180,ROAN,5058,3925
7181,ROAN,5058,3926
7190,BESSAKER,5058,3927
7194,BRANDSFJORD,5058,3928
7200,KYRKSÆTERØRA,5055,3929
7201,KYRKSÆTERØRA,5055,3930
7203,VINJEØRA,5055,3931
7206,HELLANDSJØEN,5055,3932
7207,YTRE SNILLFJORD,5055,3933
7211,KORSVEGEN,5028,3934
7212,KORSVEGEN,5028,3935
7213,GÅSBAKKEN,5028,3936
7221,MELHUS,5028,3937
7223,MELHUS,5028,3938
7224,MELHUS,5028,3939
7227,GIMSE,5028,3940
7228,KVÅL,5028,3941
7231,LUNDAMO,5028,3942
7232,LUNDAMO,5028,3943
7234,LER,5028,3944
7235,LER,5028,3945
7236,HOVIN I GAULDAL,5028,3946
7238,HOVIN I GAULDAL,5028,3947
7239,HITRA,5056,3948
7240,HITRA,5056,3949
7241,ANSNES,5056,3950
7242,KNARRLAGSUND,5056,3951
7243,KVENVÆR,5056,3952
7244,KNARRLAGSUND,5056,3953
7245,KVENVÆR,5056,3954
7246,SANDSTAD,5056,3955
7247,HESTVIKA,5056,3956
7250,MELANDSJØ,5056,3957
7252,DOLMØY,5056,3958
7255,SUNDLANDET,5056,3959
7256,HEMNSKJELA,5056,3960
7257,SNILLFJORD,5059,3961
7259,SNILLFJORD,5059,3962
7260,SISTRANDA,5014,3963
7261,SISTRANDA,5014,3964
7263,HAMARVIK,5014,3965
7264,HAMARVIK,5014,3966
7266,KVERVA,5014,3967
7267,KVERVA,5014,3968
7268,TITRAN,5014,3969
7270,DYRVIK,5014,3970
7273,NORDDYRØY,5014,3971
7274,NORDDYRØY,5014,3972
7280,SULA,5014,3973
7282,BOGØYVÆR,5014,3974
7284,MAUSUND,5014,3975
7285,GJÆSINGEN,5014,3976
7286,SØRBURØY,5014,3977
7287,SAUØY,5014,3978
7288,SOKNEDAL,5027,3979
7289,SOKNEDAL,5027,3980
7290,STØREN,5027,3981
7291,STØREN,5027,3982
7295,ROGNES,5027,3983
7298,BUDALEN,5027,3984
7300,ORKANGER,5059,3985
7301,ORKANGER,5059,3986
7302,ORKANGER,5059,3987
7303,ORKANGER,5059,3988
7310,GJØLME,5059,3989
7315,LENSVIK,5059,3990
7316,LENSVIK,5059,3991
7318,AGDENES,5059,3992
7319,AGDENES,5059,3993
7320,FANNREM,5059,3994
7321,FANNREM,5059,3995
7327,SVORKMO,5059,3996
7329,SVORKMO,5059,3997
7331,LØKKEN VERK,5059,3998
7332,LØKKEN VERK,5059,3999
7333,STORÅS,5059,4000
7334,STORÅS,5059,4001
7335,JERPSTAD,5059,4002
7336,MELDAL,5059,4003
7338,MELDAL,5059,4004
7340,OPPDAL,5021,4005
7341,OPPDAL,5021,4006
7342,LØNSET,5021,4007
7343,VOGNILL,5021,4008
7344,OPPDAL,5021,4009
7345,DRIVDALEN,5021,4010
7346,OPPDAL,5021,4011
7347,OPPDAL,5021,4012
7350,BUVIKA,5029,4013
7351,BUVIKA,5029,4014
7353,BØRSA,5029,4015
7354,VIGGJA,5029,4016
7355,EGGKLEIVA,5029,4017
7356,SKAUN,5029,4018
7357,SKAUN,5029,4019
7358,BØRSA,5029,4020
7361,RØROS,5025,4021
7370,BREKKEBYGD,5025,4022
7372,GLÅMOS,5025,4023
7374,RØROS,5025,4024
7375,RØROS,5025,4025
7380,ÅLEN,5026,4026
7383,HALTDALEN,5026,4027
7384,ÅLEN,5026,4028
7386,SINGSÅS,5027,4029
7387,SINGSÅS,5027,4030
7388,SINGSÅS,5027,4031
7391,RENNEBU,5022,4032
7392,RENNEBU,5022,4033
7393,RENNEBU,5022,4034
7397,RENNEBU,5022,4035
7398,RENNEBU,5022,4036
7399,RENNEBU,5022,4037
7400,TRONDHEIM,5001,4038
7401,TRONDHEIM,5001,4039
7402,TRONDHEIM,5001,4040
7403,TRONDHEIM,5001,4041
7404,TRONDHEIM,5001,4042
7405,TRONDHEIM,5001,4043
7406,TRONDHEIM,5001,4044
7407,TRONDHEIM,5001,4045
7408,TRONDHEIM,5001,4046
7409,TRONDHEIM,5001,4047
7410,TRONDHEIM,5001,4048
7411,TRONDHEIM,5001,4049
7412,TRONDHEIM,5001,4050
7413,TRONDHEIM,5001,4051
7414,TRONDHEIM,5001,4052
7415,TRONDHEIM,5001,4053
7416,TRONDHEIM,5001,4054
7417,TRONDHEIM,5001,4055
7418,TRONDHEIM,5001,4056
7419,TRONDHEIM,5001,4057
7420,TRONDHEIM,5001,4058
7421,TRONDHEIM,5001,4059
7422,TRONDHEIM,5001,4060
7424,TRONDHEIM,5001,4061
7425,TRONDHEIM,5001,4062
7427,TRONDHEIM,5001,4063
7428,TRONDHEIM,5001,4064
7429,TRONDHEIM,5001,4065
7430,TRONDHEIM,5001,4066
7431,TRONDHEIM,5001,4067
7432,TRONDHEIM,5001,4068
7433,TRONDHEIM,5001,4069
7434,TRONDHEIM,5001,4070
7435,TRONDHEIM,5001,4071
7436,TRONDHEIM,5001,4072
7437,TRONDHEIM,5001,4073
7438,TRONDHEIM,5001,4074
7439,TRONDHEIM,5001,4075
7440,TRONDHEIM,5001,4076
7441,TRONDHEIM,5001,4077
7442,TRONDHEIM,5001,4078
7443,TRONDHEIM,5001,4079
7444,TRONDHEIM,5001,4080
7445,TRONDHEIM,5001,4081
7446,TRONDHEIM,5001,4082
7447,TRONDHEIM,5001,4083
7448,TRONDHEIM,5001,4084
7449,TRONDHEIM,5001,4085
7450,TRONDHEIM,5001,4086
7451,TRONDHEIM,5001,4087
7452,TRONDHEIM,5001,4088
7453,TRONDHEIM,5001,4089
7454,TRONDHEIM,5001,4090
7455,TRONDHEIM,5001,4091
7456,TRONDHEIM,5001,4092
7457,TRONDHEIM,5001,4093
7458,TRONDHEIM,5001,4094
7462,TRONDHEIM,5001,4095
7463,TRONDHEIM,5001,4096
7464,TRONDHEIM,5001,4097
7465,TRONDHEIM,5001,4098
7466,TRONDHEIM,5001,4099
7467,TRONDHEIM,5001,4100
7468,TRONDHEIM,5001,4101
7469,TRONDHEIM,5001,4102
7470,TRONDHEIM,5001,4103
7471,TRONDHEIM,5001,4104
7472,TRONDHEIM,5001,4105
7473,TRONDHEIM,5001,4106
7474,TRONDHEIM,5001,4107
7475,TRONDHEIM,5001,4108
7476,TRONDHEIM,5001,4109
7477,TRONDHEIM,5001,4110
7478,TRONDHEIM,5001,4111
7479,TRONDHEIM,5001,4112
7480,TRONDHEIM,5001,4113
7481,TRONDHEIM,5001,4114
7482,TRONDHEIM,5001,4115
7483,TRONDHEIM,5001,4116
7484,TRONDHEIM,5001,4117
7485,TRONDHEIM,5001,4118
7486,TRONDHEIM,5001,4119
7487,TRONDHEIM,5001,4120
7488,TRONDHEIM,5001,4121
7489,TRONDHEIM,5001,4122
7490,TRONDHEIM,5001,4123
7491,TRONDHEIM,5001,4124
7492,TRONDHEIM,5001,4125
7493,TRONDHEIM,5001,4126
7494,TRONDHEIM,5001,4127
7495,TRONDHEIM,5001,4128
7496,TRONDHEIM,5001,4129
7497,TRONDHEIM,5001,4130
7498,TRONDHEIM,5001,4131
7500,STJØRDAL,5035,4132
7501,STJØRDAL,5035,4133
7502,STJØRDAL,5035,4134
7503,STJØRDAL,5035,4135
7504,STJØRDAL,5035,4136
7505,STJØRDAL,5035,4137
7506,STJØRDAL,5035,4138
7507,STJØRDAL,5035,4139
7508,STJØRDAL,5035,4140
7509,STJØRDAL,5035,4141
7510,SKATVAL,5035,4142
7511,SKATVAL,5035,4143
7512,STJØRDAL,5035,4144
7513,STJØRDAL,5035,4145
7514,STJØRDAL,5035,4146
7517,HELL,5035,4147
7519,ELVARLI,5035,4148
7520,HEGRA,5035,4149
7525,FLORNES,5035,4150
7529,HEGRA,5035,4151
7530,MERÅKER,5034,4152
7531,MERÅKER,5034,4153
7533,KOPPERÅ,5034,4154
7540,KLÆBU,5001,4155
7541,KLÆBU,5001,4156
7549,TANEM,5001,4157
7550,HOMMELVIK,5031,4158
7551,HOMMELVIK,5031,4159
7560,VIKHAMMER,5031,4160
7562,SAKSVIK,5031,4161
7563,MALVIK,5031,4162
7566,VIKHAMMER,5031,4163
7570,HELL,5035,4164
7580,SELBU,5032,4165
7581,SELBU,5032,4166
7583,SELBU,5032,4167
7584,SELBUSTRAND,5032,4168
7590,TYDAL,5033,4169
7591,TYDAL,5033,4170
7596,FLAKNAN,5032,4171
7600,LEVANGER,5037,4172
7601,LEVANGER,5037,4173
7602,LEVANGER,5037,4174
7603,LEVANGER,5037,4175
7604,LEVANGER,5037,4176
7605,LEVANGER,5037,4177
7606,LEVANGER,5037,4178
7607,LEVANGER,5037,4179
7608,LEVANGER,5037,4180
7609,LEVANGER,5037,4181
7610,LEVANGER,5037,4182
7619,SKOGN,5037,4183
7620,SKOGN,5037,4184
7622,MARKABYGDA,5037,4185
7623,RONGLAN,5037,4186
7624,EKNE,5037,4187
7629,YTTERØY,5037,4188
7630,ÅSEN,5037,4189
7631,ÅSEN,5037,4190
7632,ÅSENFJORD,5037,4191
7633,FROSTA,5036,4192
7634,FROSTA,5036,4193
7650,VERDAL,5038,4194
7651,VERDAL,5038,4195
7652,VERDAL,5038,4196
7653,VERDAL,5038,4197
7654,VERDAL,5038,4198
7655,VERDAL,5038,4199
7656,VERDAL,5038,4200
7657,VERDAL,5038,4201
7658,VERDAL,5038,4202
7660,VUKU,5038,4203
7661,VUKU,5038,4204
7670,INDERØY,5053,4205
7671,INDERØY,5053,4206
7672,INDERØY,5053,4207
7690,MOSVIK,5053,4208
7691,MOSVIK,5053,4209
7701,STEINKJER,5006,4210
7702,STEINKJER,5006,4211
7703,STEINKJER,5006,4212
7704,STEINKJER,5006,4213
7705,STEINKJER,5006,4214
7707,STEINKJER,5006,4215
7708,STEINKJER,5006,4216
7709,STEINKJER,5006,4217
7710,SPARBU,5006,4218
7711,STEINKJER,5006,4219
7712,STEINKJER,5006,4220
7713,STEINKJER,5006,4221
7714,STEINKJER,5006,4222
7715,STEINKJER,5006,4223
7716,STEINKJER,5006,4224
7717,STEINKJER,5006,4225
7718,STEINKJER,5006,4226
7724,STEINKJER,5006,4227
7725,STEINKJER,5006,4228
7726,STEINKJER,5006,4229
7729,STEINKJER,5006,4230
7730,BEITSTAD,5006,4231
7732,STEINKJER,5006,4232
7733,SPARBU,5006,4233
7734,STEINKJER,5006,4234
7735,STEINKJER,5006,4235
7736,STEINKJER,5006,4236
7737,STEINKJER,5006,4237
7738,STEINKJER,5006,4238
7739,BEITSTAD,5006,4239
7740,STEINSDALEN,5020,4240
7741,STEINSDALEN,5020,4241
7742,YTTERVÅG,5020,4242
7744,HEPSØY,5020,4243
7745,OPPLAND,5049,4244
7746,HASVÅG,5049,4245
7748,SETER,5020,4246
7750,NAMDALSEID,5007,4247
7751,NAMDALSEID,5007,4248
7760,SNÅSA,5041,4249
7761,SNÅSA,5041,4250
7770,FLATANGER,5049,4251
7771,FLATANGER,5049,4252
7777,NORD-STATLAND,5007,4253
7790,MALM,5006,4254
7791,MALM,5006,4255
7795,FOLLAFOSS,5006,4256
7796,FOLLAFOSS,5006,4257
7797,VERRABOTN,5054,4258
7800,NAMSOS,5007,4259
7801,NAMSOS,5007,4260
7802,NAMSOS,5007,4261
7803,NAMSOS,5007,4262
7804,NAMSOS,5007,4263
7805,NAMSOS,5007,4264
7808,NAMSOS,5007,4265
7810,NAMSOS,5007,4266
7817,SALSNES,5007,4267
7818,LUND,5007,4268
7819,FOSSLANDSOSEN,5007,4269
7820,SPILLUM,5007,4270
7821,SPILLUM,5007,4271
7822,BANGSUND,5007,4272
7823,BANGSUND,5007,4273
7856,JØA,5007,4274
7860,SKAGE I NAMDALEN,5047,4275
7863,OVERHALLA,5047,4276
7864,OVERHALLA,5047,4277
7869,SKAGE I NAMDALEN,5047,4278
7870,GRONG,5045,4279
7871,GRONG,5045,4280
7873,HARRAN,5045,4281
7874,HARRAN,5045,4282
7876,KONGSMOEN,5046,4283
7877,HØYLANDET,5046,4284
7878,HØYLANDET,5046,4285
7881,NORDLI,5042,4286
7882,NORDLI,5042,4287
7884,SØRLI,5042,4288
7885,SØRLI,5042,4289
7890,NAMSSKOGAN,5044,4290
7891,NAMSSKOGAN,5044,4291
7892,TRONES,5044,4292
7893,SKOROVATN,5044,4293
7896,BREKKVASSELV,5044,4294
7897,LIMINGEN,5043,4295
7898,LIMINGEN,5043,4296
7900,RØRVIK,5060,4297
7901,RØRVIK,5060,4298
7902,RØRVIK,5060,4299
7924,AUSTAFJORD,5060,4300
7940,OTTERSØY,5060,4301
7941,OTTERSØY,5060,4302
7944,INDRE NÆRØY,5060,4303
7950,ABELVÆR,5060,4304
7960,SALSBRUKET,5060,4305
7970,KOLVEREID,5060,4306
7971,KOLVEREID,5060,4307
7973,GJERDINGA,5060,4308
7979,TERRÅK,1811,4309
7980,TERRÅK,1811,4310
7981,HARANGSFJORD,1811,4311
7982,BINDALSEIDET,1811,4312
7983,BINDALSEIDET,1811,4313
7985,FOLDEREID,5060,4314
7986,FOLDEREID,5060,4315
7990,NAUSTBUKTA,5060,4316
7993,GUTVIK,5052,4317
7994,LEKA,5052,4318
7995,LEKA,5052,4319
8001,BODØ,1804,4320
8002,BODØ,1804,4321
8003,BODØ,1804,4322
8004,BODØ,1804,4323
8005,BODØ,1804,4324
8006,BODØ,1804,4325
8007,BODØ,1804,4326
8008,BODØ,1804,4327
8009,BODØ,1804,4328
8010,BODØ,1804,4329
8011,BODØ,1804,4330
8012,BODØ,1804,4331
8013,BODØ,1804,4332
8014,BODØ,1804,4333
8015,BODØ,1804,4334
8016,BODØ,1804,4335
8019,BODØ,1804,4336
8020,BODØ,1804,4337
8021,BODØ,1804,4338
8022,BODØ,1804,4339
8023,BODØ,1804,4340
8025,BODØ,1804,4341
8026,BODØ,1804,4342
8027,BODØ,1804,4343
8028,BODØ,1804,4344
8029,BODØ,1804,4345
8030,BODØ,1804,4346
8031,BODØ,1804,4347
8037,BODØ,1804,4348
8038,BODØ,1804,4349
8041,BODØ,1804,4350
8047,BODØ,1804,4351
8048,BODØ,1804,4352
8049,BODØ,1804,4353
8050,TVERLANDET,1804,4354
8056,SALTSTRAUMEN,1804,4355
8057,SALTSTRAUMEN,1804,4356
8058,TVERLANDET,1804,4357
8062,VÆRØY,1857,4358
8063,VÆRØY,1857,4359
8064,RØST,1856,4360
8065,RØST,1856,4361
8070,BODØ,1804,4362
8071,BODØ,1804,4363
8072,BODØ,1804,4364
8073,BODØ,1804,4365
8074,BODØ,1804,4366
8075,BODØ,1804,4367
8076,BODØ,1804,4368
8079,BODØ,1804,4369
8084,BODØ,1804,4370
8085,BODØ,1804,4371
8086,BODØ,1804,4372
8087,BODØ,1804,4373
8088,BODØ,1804,4374
8089,BODØ,1804,4375
8091,BODØ,1804,4376
8092,BODØ,1804,4377
8093,KJERRINGØY,1804,4378
8094,FLEINVÆR,1838,4379
8095,HELLIGVÆR,1804,4380
8096,BLIKSVÆR,1804,4381
8097,GIVÆR,1804,4382
8098,LANDEGODE,1804,4383
8099,JAN MAYEN,2211,4384
8100,MISVÆR,1804,4385
8102,SKJERSTAD,1804,4386
8103,BREIVIK I SALTEN,1804,4387
8108,MISVÆR,1804,4388
8110,MOLDJORD,1839,4389
8114,TOLLÅ,1839,4390
8118,MOLDJORD,1839,4391
8120,NYGÅRDSJØEN,1838,4392
8130,SANDHORNØY,1838,4393
8134,SØRARNØY,1838,4394
8135,SØRARNØY,1838,4395
8136,NORDARNØY,1838,4396
8138,INNDYR,1838,4397
8140,INNDYR,1838,4398
8145,STORVIK,1838,4399
8146,REIPÅ,1837,4400
8149,NEVERDAL,1837,4401
8150,ØRNES,1837,4402
8151,ØRNES,1837,4403
8157,MELØY,1837,4404
8158,BOLGA,1837,4405
8159,STØTT,1837,4406
8160,GLOMFJORD,1837,4407
8161,GLOMFJORD,1837,4408
8168,ENGAVÅGEN,1837,4409
8170,ENGAVÅGEN,1837,4410
8178,HALSA,1837,4411
8179,HALSA,1837,4412
8181,MYKEN,1836,4413
8182,MELFJORDBOTN,1836,4414
8183,VÅGAHOLMEN,1836,4415
8184,ÅGSKARDET,1837,4416
8185,VÅGAHOLMEN,1836,4417
8186,TJONGSFJORDEN,1836,4418
8187,JEKTVIK,1836,4419
8188,NORDVÆRNES,1836,4420
8189,GJERSVIKGRENDA,1836,4421
8190,SØRFJORDEN,1836,4422
8192,JEKTVIK,1836,4423
8193,RØDØY,1836,4424
8195,GJERDØYA,1836,4425
8196,SELSØYVIK,1836,4426
8197,STORSELSØYA,1836,4427
8198,NORDNESØYA,1836,4428
8200,FAUSKE,1841,4429
8201,FAUSKE,1841,4430
8202,FAUSKE,1841,4431
8203,FAUSKE,1841,4432
8205,FAUSKE,1841,4433
8206,FAUSKE,1841,4434
8207,FAUSKE,1841,4435
8208,FAUSKE,1841,4436
8209,FAUSKE,1841,4437
8210,FAUSKE,1841,4438
8211,FAUSKE,1841,4439
8214,FAUSKE,1841,4440
8215,VALNESFJORD,1841,4441
8218,FAUSKE,1841,4442
8219,FAUSKE,1841,4443
8220,RØSVIK,1845,4444
8226,STRAUMEN,1845,4445
8230,SULITJELMA,1841,4446
8231,SULITJELMA,1841,4447
8232,STRAUMEN,1845,4448
8233,VALNESFJORD,1841,4449
8250,ROGNAN,1840,4450
8251,ROGNAN,1840,4451
8252,ROGNAN,1840,4452
8253,ROGNAN,1840,4453
8255,RØKLAND,1840,4454
8256,RØKLAND,1840,4455
8260,INNHAVET,1875,4456
8261,INNHAVET,1875,4457
8264,ENGAN,1845,4458
8266,MØRSVIKBOTN,1845,4459
8270,DRAG,1875,4460
8271,DRAG,1875,4461
8273,NEVERVIKA,1875,4462
8274,MUSKEN,1875,4463
8275,STORJORDA I TYSFJORDEN,1875,4464
8276,ULVSVÅG,1875,4465
8278,STORÅ,1806,4466
8281,LEINESFJORD,1848,4467
8283,LEINESFJORD,1848,4468
8285,LEINES,1848,4469
8286,NORDFOLD,1848,4470
8287,ENGELØYA,1848,4471
8288,BOGØY,1848,4472
8289,ENGELØYA,1848,4473
8290,SKUTVIK,1875,4474
8294,HAMARØY,1875,4475
8297,TRANØY,1875,4476
8298,HAMARØY,1875,4477
8300,SVOLVÆR,1865,4478
8301,SVOLVÆR,1865,4479
8305,SVOLVÆR,1865,4480
8309,KABELVÅG,1865,4481
8310,KABELVÅG,1865,4482
8311,HENNINGSVÆR,1865,4483
8312,HENNINGSVÆR,1865,4484
8313,KLEPPSTAD,1865,4485
8314,GIMSØYSAND,1865,4486
8315,LAUKVIK,1865,4487
8316,LAUPSTAD,1865,4488
8317,STRØNSTAD,1866,4489
8320,SKROVA,1865,4490
8322,BRETTESNES,1865,4491
8323,STORFJELL,1865,4492
8324,DIGERMULEN,1865,4493
8325,TENGELFJORD,1866,4494
8326,MYRLAND,1866,4495
8328,STORMOLLA,1865,4496
8340,STAMSUND,1860,4497
8352,SENNESVIK,1860,4498
8357,VALBERG,1860,4499
8360,BØSTAD,1860,4500
8361,BØSTAD,1860,4501
8370,LEKNES,1860,4502
8372,GRAVDAL,1860,4503
8373,BALLSTAD,1860,4504
8374,BALLSTAD,1860,4505
8376,LEKNES,1860,4506
8377,GRAVDAL,1860,4507
8378,STAMSUND,1860,4508
8380,RAMBERG,1859,4509
8382,NAPP,1859,4510
8384,SUND I LOFOTEN,1859,4511
8385,MØLNARODDEN,1859,4512
8387,FREDVANG,1859,4513
8388,RAMBERG,1859,4514
8390,REINE,1874,4515
8392,SØRVÅGEN,1874,4516
8393,SØRVÅGEN,1874,4517
8398,REINE,1874,4518
8400,SORTLAND,1870,4519
8401,SORTLAND,1870,4520
8402,SORTLAND,1870,4521
8403,SORTLAND,1870,4522
8404,SORTLAND,1870,4523
8405,SORTLAND,1870,4524
8406,SORTLAND,1870,4525
8407,SORTLAND,1870,4526
8408,SORTLAND,1868,4527
8409,GULLESFJORDEN,5510,4528
8410,LØDINGEN,1851,4529
8411,LØDINGEN,1851,4530
8412,VESTBYGDA,1851,4531
8413,KVITNES,1866,4532
8414,HENNES,1866,4533
8415,SORTLAND,1870,4534
8416,SORTLAND,1870,4535
8419,SORTLAND,1870,4536
8426,BARKESTAD,1868,4537
8428,TUNSTAD,1868,4538
8430,MYRE,1868,4539
8432,ALSVÅG,1868,4540
8438,STØ,1868,4541
8439,MYRE,1868,4542
8445,MELBU,1866,4543
8447,LONKAN,1866,4544
8450,STOKMARKNES,1866,4545
8455,STOKMARKNES,1866,4546
8459,MELBU,1866,4547
8465,STRAUMSJØEN,1867,4548
8469,BØ I VESTERÅLEN,1867,4549
8470,BØ I VESTERÅLEN,1867,4550
8475,STRAUMSJØEN,1867,4551
8480,ANDENES,1871,4552
8481,BLEIK,1871,4553
8483,ANDENES,1871,4554
8484,RISØYHAMN,1871,4555
8485,DVERBERG,1871,4556
8488,NØSS,1871,4557
8489,NORDMELA,1871,4558
8493,RISØYHAMN,1871,4559
8501,NARVIK,1806,4560
8502,NARVIK,1806,4561
8503,NARVIK,1806,4562
8504,NARVIK,1806,4563
8505,NARVIK,1806,4564
8506,NARVIK,1806,4565
8507,NARVIK,1806,4566
8508,NARVIK,1806,4567
8509,NARVIK,1806,4568
8510,NARVIK,1806,4569
8512,NARVIK,1806,4570
8513,ANKENES,1806,4571
8514,NARVIK,1806,4572
8515,NARVIK,1806,4573
8516,NARVIK,1806,4574
8517,NARVIK,1806,4575
8518,NARVIK,1806,4576
8519,NARVIK,1806,4577
8520,ANKENES,1806,4578
8521,ANKENES,1806,4579
8522,BEISFJORD,1806,4580
8523,SKJOMEN,1806,4581
8530,BJERKVIK,1806,4582
8531,BJERKVIK,1806,4583
8533,BOGEN I OFOTEN,1853,4584
8534,LILAND,1853,4585
8535,TÅRSTAD,1853,4586
8536,EVENES,1853,4587
8539,BOGEN I OFOTEN,1853,4588
8540,BALLANGEN,1806,4589
8543,KJELDEBOTN,1806,4590
8546,BALLANGEN,1806,4591
8590,KJØPSVIK,1806,4592
8591,KJØPSVIK,1806,4593
8601,MO I RANA,1833,4594
8602,MO I RANA,1833,4595
8603,MO I RANA,1833,4596
8604,MO I RANA,1833,4597
8607,MO I RANA,1833,4598
8609,MO I RANA,1833,4599
8610,MO I RANA,1833,4600
8611,MO I RANA,1833,4601
8613,MO I RANA,1833,4602
8614,MO I RANA,1833,4603
8615,SKONSENG,1833,4604
8616,MO I RANA,1833,4605
8617,DALSGRENDA,1833,4606
8618,MO I RANA,1833,4607
8619,MO I RANA,1833,4608
8622,MO I RANA,1833,4609
8624,MO I RANA,1833,4610
8626,MO I RANA,1833,4611
8630,STORFORSHEIA,1833,4612
8638,STORFORSHEIA,1833,4613
8640,HEMNESBERGET,1832,4614
8641,HEMNESBERGET,1832,4615
8642,FINNEIDFJORD,1832,4616
8643,BJERKA,1832,4617
8644,BJERKA,1832,4618
8646,KORGEN,1832,4619
8647,BLEIKVASSLIA,1832,4620
8648,KORGEN,1832,4621
8651,MOSJØEN,1824,4622
8652,MOSJØEN,1824,4623
8654,MOSJØEN,1824,4624
8655,MOSJØEN,1824,4625
8656,MOSJØEN,1824,4626
8657,MOSJØEN,1824,4627
8658,MOSJØEN,1824,4628
8659,MOSJØEN,1824,4629
8660,MOSJØEN,1824,4630
8661,MOSJØEN,1824,4631
8663,MOSJØEN,1824,4632
8664,MOSJØEN,1824,4633
8665,MOSJØEN,1824,4634
8666,MOSJØEN,1824,4635
8672,ELSFJORD,1824,4636
8681,TROFORS,1825,4637
8682,TROFORS,1825,4638
8683,TROFORS,1825,4639
8684,TROFORS,1825,4640
8685,TROFORS,1825,4641
8691,HATTFJELLDAL,1826,4642
8692,HATTFJELLDAL,1826,4643
8693,HATTFJELLDAL,1826,4644
8694,HATTFJELLDAL,1826,4645
8695,HATTFJELLDAL,1826,4646
8696,HATTFJELLDAL,1826,4647
8700,NESNA,1828,4648
8701,NESNA,1828,4649
8704,NESNASTRANDA,1828,4650
8705,STRANDLANDET,1828,4651
8720,VIKHOLMEN,1828,4652
8723,HUSBY,1828,4653
8724,SAURA,1828,4654
8725,UTSKARPEN,1833,4655
8730,ALDERSUNDET,1834,4656
8732,ALDRA,1834,4657
8733,STUVLAND,1834,4658
8735,STOKKVÅGEN,1834,4659
8740,NORDSOLVÆR,1834,4660
8742,SELVÆR,1835,4661
8743,INDRE KVARØY,1834,4662
8750,TONNES,1834,4663
8752,KONSVIKOSEN,1834,4664
8754,ØRESVIK,1836,4665
8762,SLENESET,1834,4666
8764,LOVUND,1834,4667
8766,LURØY,1834,4668
8770,TRÆNA,1835,4669
8800,SANDNESSJØEN,1820,4670
8801,SANDNESSJØEN,1820,4671
8802,SANDNESSJØEN,1820,4672
8803,SANDNESSJØEN,1820,4673
8804,SANDNESSJØEN,1820,4674
8805,SANDNESSJØEN,1820,4675
8809,SANDNESSJØEN,1820,4676
8813,LØKTA,1827,4677
8820,DØNNA,1827,4678
8827,DØNNA,1827,4679
8830,VANDVE,1827,4680
8842,BRASØY,1818,4681
8844,SANDVÆR,1818,4682
8845,SELØY,1818,4683
8850,HERØY,1818,4684
8851,HERØY,1818,4685
8852,HERØY,1818,4686
8854,AUSTBØ,1820,4687
8860,TJØTTA,1820,4688
8861,TJØTTA,1820,4689
8865,TRO,1820,4690
8866,MINDLANDET,1820,4691
8870,VISTHUS,1816,4692
8880,BÆRØYVÅGEN,1820,4693
8890,LEIRFJORD,1822,4694
8891,LEIRFJORD,1822,4695
8892,SUNDØYA,1822,4696
8897,BARDAL,1822,4697
8900,BRØNNØYSUND,1813,4698
8901,BRØNNØYSUND,1813,4699
8902,BRØNNØYSUND,1813,4700
8904,BRØNNØYSUND,1813,4701
8905,BRØNNØYSUND,1813,4702
8906,BRØNNØYSUND,1813,4703
8907,BRØNNØYSUND,1813,4704
8908,BRØNNØYSUND,1813,4705
8909,BRØNNØYSUND,1813,4706
8910,BRØNNØYSUND,1813,4707
8920,SØMNA,1812,4708
8921,SØMNA,1812,4709
8922,SØMNA,1812,4710
8960,VELFJORD,1813,4711
8961,VELFJORD,1813,4712
8976,VEVELSTAD,1816,4713
8977,VEVELSTAD,1816,4714
8981,VEGA,1815,4715
8982,VEGA,1815,4716
8983,VEGA,1815,4717
8984,VEGA,1815,4718
8985,YLVINGEN,1815,4719
8986,VEGA,1815,4720
9006,TROMSØ,5501,4721
9007,TROMSØ,5501,4722
9008,TROMSØ,5501,4723
9009,TROMSØ,5501,4724
9010,TROMSØ,5501,4725
9011,TROMSØ,5501,4726
9012,TROMSØ,5501,4727
9013,TROMSØ,5501,4728
9014,TROMSØ,5501,4729
9015,TROMSØ,5501,4730
9016,TROMSØ,5501,4731
9017,TROMSØ,5501,4732
9018,TROMSØ,5501,4733
9019,TROMSØ,5501,4734
9020,TROMSDALEN,5501,4735
9021,TROMSDALEN,5501,4736
9022,KROKELVDALEN,5501,4737
9023,KROKELVDALEN,5501,4738
9024,TOMASJORD,5501,4739
9027,RAMFJORDBOTN,5501,4740
9029,TROMSDALEN,5501,4741
9030,SJURSNES,5501,4742
9034,OLDERVIK,5501,4743
9037,TROMSØ,5501,4744
9038,TROMSØ,5501,4745
9040,NORDKJOSBOTN,5532,4746
9042,LAKSVATN,5532,4747
9043,JØVIKA,5501,4748
9045,LAKSELVBUKT,5501,4749
9046,OTEREN,5538,4750
9049,NORDKJOSBOTN,5532,4751
9050,STORSTEINNES,5532,4752
9055,MEISTERVIK,5532,4753
9056,MORTENHALS,5532,4754
9057,VIKRAN,5501,4755
9059,STORSTEINNES,5532,4756
9060,LYNGSEIDET,5536,4757
9062,FURUFLATEN,5536,4758
9064,SVENSBY,5536,4759
9068,NORD-LENANGEN,5536,4760
9069,LYNGSEIDET,5536,4761
9100,KVALØYSLETTA,5501,4762
9101,KVALØYSLETTA,5501,4763
9102,KVALØYSLETTA,5501,4764
9103,KVALØYA,5501,4765
9104,KVALØYA,5501,4766
9105,KVALØYA,5501,4767
9106,STRAUMSBUKTA,5501,4768
9107,KVALØYA,5501,4769
9108,KVALØYA,5501,4770
9109,KVALØYA,5501,4771
9110,SOMMARØYA,5501,4772
9118,BRENSHOLMEN,5501,4773
9119,SOMMARØYA,5501,4774
9120,VENGSØY,5501,4775
9128,TUSSØY,5501,4776
9130,HANSNES,5534,4777
9131,KÅRVIK,5501,4778
9132,STAKKVIK,5534,4779
9134,HANSNES,5534,4780
9135,VANNVÅG,5534,4781
9136,VANNAREID,5534,4782
9137,VANNVÅG,5534,4783
9138,KARLSØY,5534,4784
9140,REBBENES,5534,4785
9141,MELVIKA,5501,4786
9142,SKIBOTN,5538,4787
9143,SKIBOTN,5538,4788
9144,SAMUELSBERG,5540,4789
9145,SAMUELSBERG,5540,4790
9146,OLDERDALEN,5540,4791
9147,BIRTAVARRE,5540,4792
9148,OLDERDALEN,5540,4793
9149,BIRTAVARRE,5540,4794
9151,STORSLETT,5544,4795
9152,SØRKJOSEN,5544,4796
9153,ROTSUND,5544,4797
9154,STORSLETT,5544,4798
9155,SØRKJOSEN,5544,4799
9156,STORSLETT,5544,4800
9157,STORSLETT,5544,4801
9158,STORSLETT,5544,4802
9159,HAVNNES,5544,4803
9161,BURFJORD,5546,4804
9162,SØRSTRAUMEN,5546,4805
9163,JØKELFJORD,5546,4806
9169,BURFJORD,5546,4807
9170,LONGYEARBYEN,2100,4808
9171,LONGYEARBYEN,2100,4809
9173,NY-ÅLESUND,2100,4810
9174,HOPEN,2100,4811
9175,SVEAGRUVA,2100,4812
9176,BJØRNØYA,2100,4813
9178,BARENTSBURG,2100,4814
9180,SKJERVØY,5542,4815
9181,HAMNEIDET,5544,4816
9182,SEGLVIK,5546,4817
9184,REINFJORD,5546,4818
9185,SPILDRA,5546,4819
9186,ANDSNES,5614,4820
9187,VALANHAMN,5546,4821
9189,SKJERVØY,5542,4822
9190,AKKARVIK,5542,4823
9192,ARNØYHAMN,5542,4824
9193,NIKKEBY,5542,4825
9194,LAUKSLETTA,5542,4826
9195,ÅRVIKSAND,5542,4827
9197,ULØYBUKT,5542,4828
9240,TROMSØ,5501,4829
9251,TROMSØ,5501,4830
9252,TROMSØ,5501,4831
9253,TROMSØ,5501,4832
9254,TROMSØ,5501,4833
9255,TROMSØ,5501,4834
9256,TROMSØ,5501,4835
9257,TROMSØ,5501,4836
9258,TROMSØ,5501,4837
9259,TROMSØ,5501,4838
9260,TROMSØ,5501,4839
9261,TROMSØ,5501,4840
9262,TROMSØ,5501,4841
9263,TROMSØ,5501,4842
9265,TROMSØ,5501,4843
9266,TROMSØ,5501,4844
9267,TROMSØ,5501,4845
9268,TROMSØ,5501,4846
9269,TROMSØ,5501,4847
9270,TROMSØ,5501,4848
9271,TROMSØ,5501,4849
9272,TROMSØ,5501,4850
9273,TROMSØ,5501,4851
9274,TROMSØ,5501,4852
9275,TROMSØ,5501,4853
9276,TROMSØ,5501,4854
9277,TROMSØ,5501,4855
9278,TROMSØ,5501,4856
9279,TROMSØ,5501,4857
9280,TROMSØ,5501,4858
9281,TROMSØ,5501,4859
9282,TROMSØ,5501,4860
9283,TROMSØ,5501,4861
9284,TROMSØ,5501,4862
9285,TROMSØ,5501,4863
9286,TROMSØ,5501,4864
9287,TROMSØ,5501,4865
9288,TROMSØ,5501,4866
9291,TROMSØ,5501,4867
9292,TROMSØ,5501,4868
9293,TROMSØ,5501,4869
9294,TROMSØ,5501,4870
9296,TROMSØ,5501,4871
9298,TROMSØ,5501,4872
9299,TROMSØ,5501,4873
9300,FINNSNES,5530,4874
9302,ROSSFJORDSTRAUMEN,5530,4875
9303,SILSAND,5530,4876
9304,VANGSVIK,5530,4877
9305,FINNSNES,5530,4878
9306,FINNSNES,5530,4879
9307,FINNSNES,5530,4880
9308,FINNSNES,5530,4881
9309,FINNSNES,5530,4882
9310,SØRREISA,5526,4883
9311,BRØSTADBOTN,5528,4884
9315,SØRREISA,5526,4885
9316,BRØSTADBOTN,5528,4886
9321,MOEN,5524,4887
9322,KARLSTAD,5524,4888
9325,BARDUFOSS,5524,4889
9326,BARDUFOSS,5524,4890
9329,MOEN,5524,4891
9334,ØVERBYGD,5524,4892
9335,ØVERBYGD,5524,4893
9336,RUNDHAUG,5524,4894
9350,SJØVEGAN,5522,4895
9355,SJØVEGAN,5522,4896
9357,TENNEVOLL,5518,4897
9358,TENNEVOLL,5518,4898
9360,BARDU,5520,4899
9365,BARDU,5520,4900
9370,SILSAND,5530,4901
9372,GIBOSTAD,5530,4902
9373,BOTNHAMN,5530,4903
9376,SKATVIK,5530,4904
9379,GRYLLEFJORD,5530,4905
9380,GRYLLEFJORD,5530,4906
9381,TORSKEN,5530,4907
9382,GIBOSTAD,5530,4908
9384,SKALAND,5530,4909
9385,SKALAND,5530,4910
9386,SENJAHOPEN,5530,4911
9387,SENJAHOPEN,5530,4912
9388,FJORDGARD,5530,4913
9389,HUSØY I SENJA,5530,4914
9391,STONGLANDSEIDET,5530,4915
9392,STONGLANDSEIDET,5530,4916
9393,FLAKSTADVÅG,5530,4917
9395,KALDFARNES,5530,4918
9402,HARSTAD,5503,4919
9403,HARSTAD,5503,4920
9404,HARSTAD,5503,4921
9405,HARSTAD,5503,4922
9406,HARSTAD,5503,4923
9407,HARSTAD,5503,4924
9408,HARSTAD,5503,4925
9409,HARSTAD,5503,4926
9411,HARSTAD,5503,4927
9414,HARSTAD,5503,4928
9415,HARSTAD,5503,4929
9416,HARSTAD,5503,4930
9419,SØRVIK,5503,4931
9420,LUNDENES,5503,4932
9423,GRØTAVÆR,5503,4933
9424,KJØTTA,5503,4934
9425,SANDSØY,5503,4935
9426,BJARKØY,5503,4936
9427,MELØYVÆR,5503,4937
9430,SANDTORG,5503,4938
9436,KONGSVIK,5512,4939
9439,EVENSKJER,5512,4940
9440,EVENSKJER,5512,4941
9441,FJELLDAL,5512,4942
9442,RAMSUND,5512,4943
9443,MYKLEBOSTAD,5512,4944
9444,HOL I TJELDSUND,5512,4945
9445,TOVIK,5512,4946
9446,GROVFJORD,5512,4947
9447,GROVFJORD,5512,4948
9448,RAMSUND,5512,4949
9450,HAMNVIK,5514,4950
9451,HAMNVIK,5514,4951
9453,KRÅKRØHAMN,5514,4952
9454,ÅNSTAD,5514,4953
9455,ENGENES,5514,4954
9456,ENGENES,5514,4955
9470,GRATANGEN,5516,4956
9471,GRATANGEN,5516,4957
9475,BORKENES,5510,4958
9476,BORKENES,5510,4959
9479,HARSTAD,5503,4960
9480,HARSTAD,5503,4961
9481,HARSTAD,5503,4962
9482,HARSTAD,5503,4963
9483,HARSTAD,5503,4964
9484,HARSTAD,5503,4965
9485,HARSTAD,5503,4966
9486,HARSTAD,5503,4967
9487,HARSTAD,5503,4968
9488,HARSTAD,5503,4969
9489,HARSTAD,5503,4970
9496,HARSTAD,5503,4971
9497,HARSTAD,5503,4972
9498,HARSTAD,5503,4973
9501,ALTA,5601,4974
9502,ALTA,5601,4975
9503,ALTA,5601,4976
9504,ALTA,5601,4977
9505,ALTA,5601,4978
9506,ALTA,5601,4979
9507,ALTA,5601,4980
9508,ALTA,5601,4981
9509,ALTA,5601,4982
9510,ALTA,5601,4983
9511,ALTA,5601,4984
9512,ALTA,5601,4985
9513,ALTA,5601,4986
9514,ALTA,5601,4987
9515,ALTA,5601,4988
9516,ALTA,5601,4989
9517,ALTA,5601,4990
9518,ALTA,5601,4991
9519,KVIBY,5601,4992
9520,KAUTOKEINO,5612,4993
9521,KAUTOKEINO,5612,4994
9522,KAUTOKEINO,5612,4995
9523,KAUTOKEINO,5612,4996
9524,KAUTOKEINO,5612,4997
9525,MAZE,5612,4998
9527,KAUTOKEINO,5612,4999
9528,KAUTOKEINO,5612,5000
9529,KAUTOKEINO,5612,5001
9531,KVALFJORD,5601,5002
9532,HAKKSTABBEN,5601,5003
9533,KONGSHUS,5601,5004
9536,KORSFJORDEN,5601,5005
9537,TVERRELVDALEN,5601,5006
9538,ALTA,5601,5007
9540,TALVIK,5601,5008
9541,ALTA,5601,5009
9545,LANGFJORDBOTN,5601,5010
9550,ØKSFJORD,5614,5011
9552,ØKSFJORDEN,5614,5012
9580,BERGSFJORD,5614,5013
9582,NUVSVÅG,5614,5014
9583,LANGFJORDHAMN,5614,5015
9584,SØR-TVERRFJORD,5614,5016
9585,SANDLAND,5614,5017
9586,LOPPA,5614,5018
9587,SKAVNAKK,5614,5019
9590,HASVIK,5616,5020
9591,HASVIK,5616,5021
9593,BREIVIKBOTN,5616,5022
9595,SØRVÆR,5616,5023
9600,HAMMERFEST,5603,5024
9601,HAMMERFEST,5603,5025
9602,HAMMERFEST,5603,5026
9603,HAMMERFEST,5603,5027
9609,NORDRE SEILAND,5603,5028
9610,RYPEFJORD,5603,5029
9611,RYPEFJORD,5603,5030
9612,FORSØL,5603,5031
9615,HAMMERFEST,5603,5032
9616,HAMMERFEST,5603,5033
9620,KVALSUND,5603,5034
9621,KVALSUND,5603,5035
9624,REVSNESHAMN,5603,5036
9650,AKKARFJORD,5603,5037
9651,LANGSTRAND,5603,5038
9657,KÅRHAMN,5603,5039
9664,SANDØYBOTN,5603,5040
9670,TUFJORD,5618,5041
9672,INGØY,5618,5042
9690,HAVØYSUND,5618,5043
9691,HAVØYSUND,5618,5044
9692,MÅSØY,5618,5045
9700,LAKSELV,5622,5046
9709,PORSANGMOEN,5622,5047
9710,INDRE BILLEFJORD,5622,5048
9711,LAKSELV,5622,5049
9712,LAKSELV,5622,5050
9713,RUSSENES,5622,5051
9714,SNEFJORD,5618,5052
9715,KOKELV,5603,5053
9716,BØRSELV,5622,5054
9717,VEIDNES,5624,5055
9722,SKOGANVARRE,5622,5056
9730,KARASJOK,5610,5057
9731,KARASJOK,5610,5058
9732,KARASJOK,5610,5059
9733,KARASJOK,5610,5060
9734,KARASJOK,5610,5061
9735,KARASJOK,5610,5062
9736,KARASJOK,5610,5063
9737,KARASJOK,5610,5064
9740,LEBESBY,5624,5065
9742,KUNES,5624,5066
9750,HONNINGSVÅG,5620,5067
9751,HONNINGSVÅG,5620,5068
9760,NORDVÅGEN,5620,5069
9762,KAMØYVÆR,5620,5070
9763,SKARSVÅG,5620,5071
9764,NORDKAPP,5620,5072
9765,GJESVÆR,5620,5073
9766,SARNES,5620,5074
9768,REPVÅG,5620,5075
9770,MEHAMN,5626,5076
9771,SKJÅNES,5626,5077
9772,LANGFJORDNES,5626,5078
9773,NERVEI,5626,5079
9775,GAMVIK,5626,5080
9782,DYFJORD,5624,5081
9790,KJØLLEFJORD,5624,5082
9800,VADSØ,5607,5083
9801,VADSØ,5607,5084
9802,VESTRE JAKOBSELV,5607,5085
9803,VADSØ,5607,5086
9804,VADSØ,5607,5087
9810,VESTRE JAKOBSELV,5607,5088
9811,VADSØ,5607,5089
9815,VADSØ,5607,5090
9820,VARANGERBOTN,5636,5091
9826,SIRMA,5628,5092
9840,VARANGERBOTN,5636,5093
9841,TANA,5628,5094
9842,TANA,5628,5095
9843,TANA,5628,5096
9844,TANA,5628,5097
9845,TANA,5628,5098
9846,TANA,5628,5099
9900,KIRKENES,5605,5100
9901,KIRKENES,5605,5101
9910,BJØRNEVATN,5605,5102
9911,JARFJORD,5605,5103
9912,HESSENG,5605,5104
9914,BJØRNEVATN,5605,5105
9915,KIRKENES,5605,5106
9916,HESSENG,5605,5107
9917,KIRKENES,5605,5108
9925,SVANVIK,5605,5109
9926,PASVIK,5605,5110
9930,NEIDEN,5605,5111
9935,BUGØYNES,5605,5112
9950,VARDØ,5634,5113
9951,VARDØ,5634,5114
9952,VARDØ,5634,5115
9955,SVARTNES,5634,5116
9960,KIBERG,5634,5117
9980,BERLEVÅG,5630,5118
9981,BERLEVÅG,5630,5119
9982,KONGSFJORD,5630,5120
9990,BÅTSFJORD,5632,5121
9991,BÅTSFJORD,5632,5122
