activity_id,ngo,name,source_group,service_category_code,is_primary,is_service,atlas_case_code,method,basis,confidence,note,reviewed_by,reviewed_at
diabetesforbundet:diakafe-og-treff,diabetesforbundet,Diakafé og treff,,meeting_place,true,true,,RESEARCH_PROPOSED,name,HIGH,"diakafé, diaprat",,
diabetesforbundet:diakafe-og-treff,diabetesforbundet,Diakafé og treff,,peer_support,false,true,,RESEARCH_PROPOSED,name,HIGH,"diakafé, diaprat",,
diabetesforbundet:gagruppe-og-turer,diabetesforbundet,Gågruppe og turer,,physical_activity,true,true,,RESEARCH_PROPOSED,name,HIGH,,,
diabetesforbundet:likepersoner-og-motivasjonsgrupper,diabetesforbundet,Likepersoner og motivasjonsgrupper,,peer_support,true,true,,RESEARCH_PROPOSED,name,HIGH,,,
diabetesforbundet:strikkekafe,diabetesforbundet,Strikkekafé,,creative_crafts,true,true,,RESEARCH_PROPOSED,name,HIGH,,,
diabetesforbundet:strikkekafe,diabetesforbundet,Strikkekafé,,meeting_place,false,true,,RESEARCH_PROPOSED,name,HIGH,,,
diabetesforbundet:temamoter-og-kurs,diabetesforbundet,Temamøter og kurs,,health_information,true,true,,RESEARCH_PROPOSED,name,HIGH,,,
diabetesforbundet:treff-for-barn-unge-og-familier,diabetesforbundet,"Treff for barn, unge og familier",,family_support,true,true,,RESEARCH_PROPOSED,name,MEDIUM,families with a child with diabetes,,
diabetesforbundet:treff-for-barn-unge-og-familier,diabetesforbundet,"Treff for barn, unge og familier",,peer_support,false,true,,RESEARCH_PROPOSED,name,MEDIUM,families with a child with diabetes,,
diabetesforbundet:trening-og-fysisk-aktivitet,diabetesforbundet,Trening og fysisk aktivitet,,physical_activity,true,true,,RESEARCH_PROPOSED,name,HIGH,,,
fire-h:familieaktiviteter-0-9-ar,fire-h,Familieaktiviteter (0–9 år),,family_support,true,true,,RESEARCH_PROPOSED,description,HIGH,"family activities, ages 0-9",,
fire-h:familieaktiviteter-0-9-ar,fire-h,Familieaktiviteter (0–9 år),,youth_activity_groups,false,true,,RESEARCH_PROPOSED,description,HIGH,"family activities, ages 0-9",,
fire-h:4h-klubb-10-18-ar,fire-h,4H-klubb (10–18 år),,youth_activity_groups,true,true,,RESEARCH_PROPOSED,description,HIGH,"club activity and 4H projects, ages 10-18",,
fire-h:4h-for-alumner-19-ar,fire-h,4H for alumner (19 år +),,youth_activity_groups,true,true,,RESEARCH_PROPOSED,description,MEDIUM,"alumni, international exchange",,
folkehjelp:flyktning-og-inkludering,folkehjelp,Flyktning og inkludering,,migrant_mentoring,true,true,,RESEARCH_PROPOSED,description,HIGH,"inclusion of refugees: language cafés, leisure",,
folkehjelp:flyktning-og-inkludering,folkehjelp,Flyktning og inkludering,,language_practice,false,true,,RESEARCH_PROPOSED,description,HIGH,"inclusion of refugees: language cafés, leisure",,
folkehjelp:forstehjelp-og-redningstjeneste,folkehjelp,Førstehjelp og redningstjeneste,,rescue_corps,true,true,,RESEARCH_PROPOSED,description,HIGH,first aid and rescue service; training free,,
folkehjelp:forstehjelp-og-redningstjeneste,folkehjelp,Førstehjelp og redningstjeneste,,first_aid_training,false,true,,RESEARCH_PROPOSED,description,HIGH,first aid and rescue service; training free,,
folkehjelp:internasjonale-sporsmal,folkehjelp,Internasjonale spørsmål,,political_advocacy,true,true,,RESEARCH_PROPOSED,description,HIGH,meetings on international issues,,
folkehjelp:samfunnsarbeid,folkehjelp,Samfunnsarbeid,,meeting_place,true,true,,RESEARCH_PROPOSED,description,MEDIUM,meeting places and services in the local community,,
folkehjelp:sanitetsungdom,folkehjelp,Sanitetsungdom,,youth_activity_groups,true,true,,RESEARCH_PROPOSED,description,HIGH,first-aid groups for ages 13-18,,
folkehjelp:sanitetsungdom,folkehjelp,Sanitetsungdom,,first_aid_training,false,true,,RESEARCH_PROPOSED,description,HIGH,first-aid groups for ages 13-18,,
folkehjelp:solidaritetsungdom,folkehjelp,Solidaritetsungdom,,youth_activity_groups,true,true,,RESEARCH_PROPOSED,description,MEDIUM,"ages 13-30: integration, solidarity, anti-racism",,
folkehjelp:solidaritetsungdom,folkehjelp,Solidaritetsungdom,,political_advocacy,false,true,,RESEARCH_PROPOSED,description,MEDIUM,"ages 13-30: integration, solidarity, anti-racism",,
frelsesarmeen:arendal-hornmusikk,frelsesarmeen,Arendal hornorkester,,music_choir,true,true,,RESEARCH_PROPOSED,name,HIGH,,,
frelsesarmeen:hornorkester-bergen-sentrum,frelsesarmeen,Bergen sentrum Hornorkester,,music_choir,true,true,,RESEARCH_PROPOSED,name,HIGH,,,
frelsesarmeen:bibeltime-samtalemote-sandefjord,frelsesarmeen,"Bibeltime/samtalemøte, Sandefjord",,worship_open_church,true,true,,RESEARCH_PROPOSED,name,HIGH,,,
frelsesarmeen:bostedsattest,frelsesarmeen,Bostedsattest,,,,false,,RESEARCH_PROPOSED,description,HIGH,"an information page about the residence certificate the unit asks for, not an activity",,
frelsesarmeen:bonn-og-samtale-bergen,frelsesarmeen,"Bønn og samtale, Bergen",,worship_open_church,true,true,,RESEARCH_PROPOSED,name,HIGH,,,
frelsesarmeen:fa-kor-sandefjord,frelsesarmeen,"FA-koret, Sandefjord",,music_choir,true,true,,RESEARCH_PROPOSED,name,HIGH,,,
frelsesarmeen:samling-for-store-og-sma-harstad,frelsesarmeen,Familietreff,,family_support,true,true,,RESEARCH_PROPOSED,description,MEDIUM,"shared dinner, activities and devotion for adults and children",,
frelsesarmeen:samling-for-store-og-sma-harstad,frelsesarmeen,Familietreff,,meeting_place,false,true,,RESEARCH_PROPOSED,description,MEDIUM,"shared dinner, activities and devotion for adults and children",,
frelsesarmeen:festkveld-levanger,frelsesarmeen,"Festkveld, Levanger",,worship_open_church,true,true,,RESEARCH_PROPOSED,description,MEDIUM,"evening gathering with coffee, Bible and songbook",,
frelsesarmeen:festkveld-levanger,frelsesarmeen,"Festkveld, Levanger",,meeting_place,false,true,,RESEARCH_PROPOSED,description,MEDIUM,"evening gathering with coffee, Bible and songbook",,
frelsesarmeen:formiddagstreff-i-egersund,frelsesarmeen,Formiddagstreff i Egersund,,meeting_place,true,true,,RESEARCH_PROPOSED,description,HIGH,,,
frelsesarmeen:sammen,frelsesarmeen,Frelsesarmeen Sammen Grønland,,meeting_place,true,true,,RESEARCH_PROPOSED,description,HIGH,,,
frelsesarmeen:frelsesarmeens-brukbutikk,frelsesarmeen,Frelsesarmeens brukbutikk,,thrift_shop,true,true,,RESEARCH_PROPOSED,name,HIGH,,,
frelsesarmeen:gudstjeneste-asker,frelsesarmeen,"Gudstjeneste, Asker",,worship_open_church,true,true,,RESEARCH_PROPOSED,name,HIGH,,,
frelsesarmeen:gudstjeneste-2,frelsesarmeen,"Gudstjeneste, Egersund",,worship_open_church,true,true,,RESEARCH_PROPOSED,name,HIGH,,,
frelsesarmeen:gudstjeneste-sandnes,frelsesarmeen,"Gudstjeneste, Sandnes",,worship_open_church,true,true,,RESEARCH_PROPOSED,name,HIGH,,,
frelsesarmeen:gudstjenester-oslo,frelsesarmeen,"Gudstjenester og samlinger, Oslo",,worship_open_church,true,true,,RESEARCH_PROPOSED,name,HIGH,,,
frelsesarmeen:gudstjenester-sandefjord,frelsesarmeen,"Gudstjenester og samlinger, Sandefjord",,worship_open_church,true,true,,RESEARCH_PROPOSED,name,HIGH,,,
frelsesarmeen:gudstjenester-1,frelsesarmeen,"Gudstjenester, Kristiansand",,worship_open_church,true,true,,RESEARCH_PROPOSED,name,HIGH,,,
frelsesarmeen:hornmusikk-brassband-kristiansand,frelsesarmeen,"Hornmusikk/brassband, Kristiansand",,music_choir,true,true,,RESEARCH_PROPOSED,name,HIGH,,,
frelsesarmeen:kom-som-du-er-trimmen-asker,frelsesarmeen,"Kom-som-du-er-trimmen, Asker",,physical_activity,true,true,,RESEARCH_PROPOSED,name,HIGH,,,
frelsesarmeen:kreativt-fellesskap-arendal,frelsesarmeen,"Kreativt fellesskap, Arendal",,creative_crafts,true,true,,RESEARCH_PROPOSED,description,HIGH,,,
frelsesarmeen:kveldsapent-harstad,frelsesarmeen,"Kveldsåpent, Harstad",,meeting_place,true,true,,RESEARCH_PROPOSED,description,HIGH,,,
frelsesarmeen:kvinneforum,frelsesarmeen,Kvinneforum,,meeting_place,true,true,,RESEARCH_PROPOSED,name,MEDIUM,"a women's forum; description says only ""care for each other""",,
frelsesarmeen:kvinnekafe-oslo,frelsesarmeen,"Kvinnekafé, Oslo",,meeting_place,true,true,,RESEARCH_PROPOSED,name,HIGH,,,
frelsesarmeen:mat-stotte-og-veiledning-nedre-eiker,frelsesarmeen,"Mat, støtte og veiledning, Nedre Eiker",,food_distribution,true,true,,RESEARCH_PROPOSED,name,MEDIUM,"""Mat, støtte og veiledning"" at a care centre",,
frelsesarmeen:diakonalt-arbeid-matutdeling,frelsesarmeen,"Mat, støtte og veiledning, Torp",,food_distribution,true,true,,RESEARCH_PROPOSED,name,HIGH,,,
frelsesarmeen:matutdeling-harstad,frelsesarmeen,"Matutdeling, Harstad",,food_distribution,true,true,,RESEARCH_PROPOSED,name,HIGH,,,
frelsesarmeen:matutdeling-sandefjord,frelsesarmeen,"Matutdeling, Sandefjord",,food_distribution,true,true,,RESEARCH_PROPOSED,name,HIGH,,,
frelsesarmeen:moter-fester,frelsesarmeen,Møter/Fester,,meeting_place,true,true,,RESEARCH_PROPOSED,description,MEDIUM,"weekly evening with song, music, coffee and food; free and open to all",,
frelsesarmeen:moter-fester,frelsesarmeen,Møter/Fester,,worship_open_church,false,true,,RESEARCH_PROPOSED,description,MEDIUM,"weekly evening with song, music, coffee and food; free and open to all",,
frelsesarmeen:sanggruppa-arendal,frelsesarmeen,"Sanggruppa, Arendal",,music_choir,true,true,,RESEARCH_PROPOSED,name,HIGH,,,
frelsesarmeen:mat-stotte-og-veiledning-molde,frelsesarmeen,"Støtte og veiledning, Molde",,food_distribution,true,true,,RESEARCH_PROPOSED,source_group,MEDIUM,"page id says ""mat-stotte""; the name drops ""mat""",,
frelsesarmeen:supermandag-asker,frelsesarmeen,"Supermandag, Asker",,family_support,true,true,,RESEARCH_PROPOSED,description,MEDIUM,dinner and activities for children and parents,,
frelsesarmeen:supermandag-asker,frelsesarmeen,"Supermandag, Asker",,meeting_place,false,true,,RESEARCH_PROPOSED,description,MEDIUM,dinner and activities for children and parents,,
frelsesarmeen:tro-hornmusikk-sandvika,frelsesarmeen,"TRO hornmusikk, Sandvika",,music_choir,true,true,,RESEARCH_PROPOSED,name,HIGH,,,
frelsesarmeen:utleie-av-selskapslokaler-egersund,frelsesarmeen,"Utleie av selskapslokaler, Egersund",,,,false,,RESEARCH_PROPOSED,name,HIGH,venue rental,,
frelsesarmeen:rodelokka-matutdeling-oslo,frelsesarmeen,"Veiledning, støtte, fellesskap og praktisk hjelp - Oslo",,food_distribution,true,true,,RESEARCH_PROPOSED,description,MEDIUM,"meals, advice, crisis help and family/holiday activities at one station",,
frelsesarmeen:rodelokka-matutdeling-oslo,frelsesarmeen,"Veiledning, støtte, fellesskap og praktisk hjelp - Oslo",,meeting_place,false,true,,RESEARCH_PROPOSED,description,MEDIUM,"meals, advice, crisis help and family/holiday activities at one station",,
frelsesarmeen:vennemusikken,frelsesarmeen,Vennemusikken,,music_choir,true,true,,RESEARCH_PROPOSED,description,HIGH,,,
frelsesarmeen:apenkafe,frelsesarmeen,Åpen kafé - Nedre Eiker,,meeting_place,true,true,,RESEARCH_PROPOSED,name,HIGH,,,
kirkens-bymisjon:a-senteret,kirkens-bymisjon,A-senteret,Helse og behandling,addiction_support,true,true,,RESEARCH_PROPOSED,description,MEDIUM,"residential treatment unit, 26 places",,
kirkens-bymisjon:a-senteret,kirkens-bymisjon,A-senteret,Helse og behandling,health_services,false,true,,RESEARCH_PROPOSED,description,MEDIUM,"residential treatment unit, 26 places",,
kirkens-bymisjon:aksept,kirkens-bymisjon,Aksept,Helse og behandling,health_services,true,true,,RESEARCH_PROPOSED,description,MEDIUM,centre for everyone affected by HIV,,
kirkens-bymisjon:aksept,kirkens-bymisjon,Aksept,Helse og behandling,peer_support,false,true,,RESEARCH_PROPOSED,description,MEDIUM,centre for everyone affected by HIV,,
kirkens-bymisjon:aktiv-framtid,kirkens-bymisjon,Aktiv framtid,Arbeidsinkludering,work_inclusion,true,true,,RESEARCH_PROPOSED,description,HIGH,,,
kirkens-bymisjon:aktiv-fritid,kirkens-bymisjon,Aktiv fritid,Arbeidsinkludering,meeting_place,true,true,,RESEARCH_PROPOSED,description,MEDIUM,activity and network offer,,
kirkens-bymisjon:aktiv-fritid,kirkens-bymisjon,Aktiv fritid,Arbeidsinkludering,work_inclusion,false,true,,RESEARCH_PROPOSED,description,MEDIUM,activity and network offer,,
kirkens-bymisjon:aktivitetshuset-bjerke,kirkens-bymisjon,"Aktivitetshuset, Bjerke",Arbeidsinkludering,meeting_place,true,true,,RESEARCH_PROPOSED,description,HIGH,,,
kirkens-bymisjon:bymisjonssenteret-haugesund,kirkens-bymisjon,"Aktivitetshuset, Haugesund",Nærmiljø,meeting_place,true,true,,RESEARCH_PROPOSED,description,MEDIUM,centre for street-based work,,
kirkens-bymisjon:bymisjonssenteret-haugesund,kirkens-bymisjon,"Aktivitetshuset, Haugesund",Nærmiljø,housing_outreach,false,true,,RESEARCH_PROPOSED,description,MEDIUM,centre for street-based work,,
kirkens-bymisjon:aktivitetshuset-prindsen,kirkens-bymisjon,"Aktivitetshuset, Prindsen",Arbeidsinkludering,meeting_place,true,true,,RESEARCH_PROPOSED,description,HIGH,,,
kirkens-bymisjon:aktivitetshuset-prindsen,kirkens-bymisjon,"Aktivitetshuset, Prindsen",Arbeidsinkludering,addiction_support,false,true,,RESEARCH_PROPOSED,description,HIGH,,,
kirkens-bymisjon:aktivitetskafe,kirkens-bymisjon,Aktivitetskafé,Arbeidsinkludering,meeting_place,true,true,,RESEARCH_PROPOSED,description,MEDIUM,,,
kirkens-bymisjon:aktivitetskafe,kirkens-bymisjon,Aktivitetskafé,Arbeidsinkludering,work_inclusion,false,true,,RESEARCH_PROPOSED,description,MEDIUM,,,
kirkens-bymisjon:aktivitetsplikten,kirkens-bymisjon,Aktivitetsplikten,Arbeidsinkludering,work_inclusion,true,true,,RESEARCH_PROPOSED,description,HIGH,,,
kirkens-bymisjon:kafe-kirkenes,kirkens-bymisjon,"Aktivitetstilbud, Øst-Finnmark","Barn, unge og familier",meeting_place,true,true,,RESEARCH_PROPOSED,description,HIGH,,,
kirkens-bymisjon:akuttovernatting,kirkens-bymisjon,Akuttovernatting,Nærmiljø,emergency_shelter,true,true,,RESEARCH_PROPOSED,name,HIGH,,,
kirkens-bymisjon:arbeid-ute,kirkens-bymisjon,Arbeid Ute,Arbeidsinkludering,work_inclusion,true,true,,RESEARCH_PROPOSED,description,HIGH,,,
kirkens-bymisjon:bamsehiet,kirkens-bymisjon,Bamsehiet,"Barn, unge og familier",family_support,true,true,,RESEARCH_PROPOSED,description,HIGH,open place for families with children 0-12,,
kirkens-bymisjon:batteriet,kirkens-bymisjon,Batteriet,Bærekraft,political_advocacy,true,true,,RESEARCH_PROPOSED,description,MEDIUM,helps groups and organisations work for welfare and justice,,
kirkens-bymisjon:berort-av-rus,kirkens-bymisjon,Berørt av rus,Rusomsorg,addiction_support,true,true,,RESEARCH_PROPOSED,name,MEDIUM,for those affected by someone else's substance use; theme evenings,,
kirkens-bymisjon:berort-av-rus,kirkens-bymisjon,Berørt av rus,Rusomsorg,peer_support,false,true,,RESEARCH_PROPOSED,name,MEDIUM,for those affected by someone else's substance use; theme evenings,,
kirkens-bymisjon:blomsterbua,kirkens-bymisjon,Blomsterbua,Arbeidsinkludering,work_inclusion,true,true,,RESEARCH_PROPOSED,source_group,MEDIUM,,,
kirkens-bymisjon:bo-team,kirkens-bymisjon,Bo-team,Rettighetsarbeid,housing_outreach,true,true,,RESEARCH_PROPOSED,description,HIGH,,,
kirkens-bymisjon:bruktbutikk,kirkens-bymisjon,Bruktbutikk,Arbeidsinkludering,thrift_shop,true,true,,RESEARCH_PROPOSED,name,HIGH,,,
kirkens-bymisjon:bruktbutikk,kirkens-bymisjon,Bruktbutikk,Arbeidsinkludering,work_inclusion,false,true,,RESEARCH_PROPOSED,name,HIGH,,,
kirkens-bymisjon:bybo-oslo,kirkens-bymisjon,"Bybo, Oslo",Rettighetsarbeid,housing_outreach,true,true,,RESEARCH_PROPOSED,description,MEDIUM,22 rental homes with ordinary contracts,,
kirkens-bymisjon:bymisjonskapellet,kirkens-bymisjon,Bymisjonskapellet,Nærmiljø,worship_open_church,true,true,,RESEARCH_PROPOSED,description,HIGH,,,
kirkens-bymisjon:bymisjonskapellet,kirkens-bymisjon,Bymisjonskapellet,Nærmiljø,meeting_place,false,true,,RESEARCH_PROPOSED,description,HIGH,,,
kirkens-bymisjon:bymisjonssenteret-oslo,kirkens-bymisjon,"Bymisjonssenteret, Oslo",Nærmiljø,meeting_place,true,true,,RESEARCH_PROPOSED,description,HIGH,,,
kirkens-bymisjon:bymisjonssenteret-porsgrunn,kirkens-bymisjon,"Bymisjonssenteret, Porsgrunn",Arbeidsinkludering,meeting_place,true,true,,RESEARCH_PROPOSED,description,HIGH,,,
kirkens-bymisjon:bymisjonssenteret-porsgrunn,kirkens-bymisjon,"Bymisjonssenteret, Porsgrunn",Arbeidsinkludering,work_inclusion,false,true,,RESEARCH_PROPOSED,description,HIGH,,,
kirkens-bymisjon:bymisjonssenteret-alesund,kirkens-bymisjon,"Bymisjonssenteret, Ålesund",Nærmiljø,meeting_place,true,true,,RESEARCH_PROPOSED,description,MEDIUM,yoga and walking groups among other things,,
kirkens-bymisjon:bymisjonssenteret-alesund,kirkens-bymisjon,"Bymisjonssenteret, Ålesund",Nærmiljø,physical_activity,false,true,,RESEARCH_PROPOSED,description,MEDIUM,yoga and walking groups among other things,,
kirkens-bymisjon:byparken,kirkens-bymisjon,Byparken,Arbeidsinkludering,,,false,,RESEARCH_PROPOSED,description,HIGH,conference venue rental; the page describes no service for people,,
kirkens-bymisjon:byverkstedet,kirkens-bymisjon,Byverkstedet,Arbeidsinkludering,work_inclusion,true,true,,RESEARCH_PROPOSED,description,HIGH,,,
kirkens-bymisjon:retro-ullverksted,kirkens-bymisjon,Byverkstedet Bergen,Arbeidsinkludering,work_inclusion,true,true,,RESEARCH_PROPOSED,description,HIGH,,,
kirkens-bymisjon:retro-ullverksted,kirkens-bymisjon,Byverkstedet Bergen,Arbeidsinkludering,creative_crafts,false,true,,RESEARCH_PROPOSED,description,HIGH,,,
kirkens-bymisjon:baerekraftige-fellesskap,kirkens-bymisjon,Bærekraftige fellesskap,Arbeidsinkludering,work_inclusion,true,true,,RESEARCH_PROPOSED,source_group,MEDIUM,a production kitchen,,
kirkens-bymisjon:camp-hudoy,kirkens-bymisjon,Camp Hudøy,"Barn, unge og familier",holiday_camps_low_income,true,true,,RESEARCH_PROPOSED,name,MEDIUM,no description on disk,,
kirkens-bymisjon:camp-killingen,kirkens-bymisjon,Camp Killingen,"Barn, unge og familier",holiday_camps_low_income,true,true,,RESEARCH_PROPOSED,description,HIGH,summer holiday colony for children,,
kirkens-bymisjon:dag-1,kirkens-bymisjon,Dag 1,"Barn, unge og familier",family_support,true,true,,RESEARCH_PROPOSED,description,HIGH,attachment support from pregnancy,,
kirkens-bymisjon:demokratiskolen,kirkens-bymisjon,Demokratiskolen,Mangfold,meeting_place,true,true,,RESEARCH_PROPOSED,description,HIGH,"women with migrant background (was women_migrant_network, merged)",,
kirkens-bymisjon:demokratiskolen,kirkens-bymisjon,Demokratiskolen,Mangfold,migrant_mentoring,false,true,,RESEARCH_PROPOSED,description,HIGH,"women with migrant background (was women_migrant_network, merged)",,
kirkens-bymisjon:egenutviklingsskolen,kirkens-bymisjon,Egenutviklingsskolen,Rusomsorg,addiction_support,true,true,,RESEARCH_PROPOSED,description,MEDIUM,lecturers with own experience,,
kirkens-bymisjon:egenutviklingsskolen,kirkens-bymisjon,Egenutviklingsskolen,Rusomsorg,peer_support,false,true,,RESEARCH_PROPOSED,description,MEDIUM,lecturers with own experience,,
kirkens-bymisjon:empo,kirkens-bymisjon,Empo flerkulturelt ressurssenter,Mangfold,meeting_place,true,true,,RESEARCH_PROPOSED,description,HIGH,,,
kirkens-bymisjon:empo,kirkens-bymisjon,Empo flerkulturelt ressurssenter,Mangfold,migrant_mentoring,false,true,,RESEARCH_PROPOSED,description,HIGH,,,
kirkens-bymisjon:enga,kirkens-bymisjon,Enga,Eldre,addiction_support,true,true,,RESEARCH_PROPOSED,description,HIGH,residential care for people after long-term drug use,,
kirkens-bymisjon:enga,kirkens-bymisjon,Enga,Eldre,housing_outreach,false,true,,RESEARCH_PROPOSED,description,HIGH,residential care for people after long-term drug use,,
kirkens-bymisjon:englefabrikken,kirkens-bymisjon,Englefabrikken,Arbeidsinkludering,work_inclusion,true,true,,RESEARCH_PROPOSED,description,HIGH,,,
kirkens-bymisjon:enter-fritid,kirkens-bymisjon,Enter fritid,Rusomsorg,addiction_support,true,true,,RESEARCH_PROPOSED,description,MEDIUM,leisure for people in aftercare,,
kirkens-bymisjon:enter-fritid,kirkens-bymisjon,Enter fritid,Rusomsorg,physical_activity,false,true,,RESEARCH_PROPOSED,description,MEDIUM,leisure for people in aftercare,,
kirkens-bymisjon:enter-jobb,kirkens-bymisjon,Enter jobb,Arbeidsinkludering,work_inclusion,true,true,,RESEARCH_PROPOSED,description,HIGH,,,
kirkens-bymisjon:et-sted-a-hore-til,kirkens-bymisjon,Et sted å høre til,Mangfold,language_practice,true,true,,RESEARCH_PROPOSED,description,HIGH,,,
kirkens-bymisjon:et-sted-a-hore-til,kirkens-bymisjon,Et sted å høre til,Mangfold,meeting_place,false,true,,RESEARCH_PROPOSED,description,HIGH,,,
kirkens-bymisjon:familieaktiviteter,kirkens-bymisjon,Familieaktiviteter,"Barn, unge og familier",holiday_camps_low_income,true,true,,RESEARCH_PROPOSED,description,MEDIUM,holiday memories for the whole family,,
kirkens-bymisjon:familieaktiviteter,kirkens-bymisjon,Familieaktiviteter,"Barn, unge og familier",family_support,false,true,,RESEARCH_PROPOSED,description,MEDIUM,holiday memories for the whole family,,
kirkens-bymisjon:familietid,kirkens-bymisjon,Familietid,"Barn, unge og familier",family_support,true,true,,RESEARCH_PROPOSED,description,HIGH,,,
kirkens-bymisjon:familieveiledning,kirkens-bymisjon,Familieveiledning,"Barn, unge og familier",family_support,true,true,,RESEARCH_PROPOSED,description,HIGH,,,
kirkens-bymisjon:feltsykepleien,kirkens-bymisjon,Feltsykepleien,Helse og behandling,health_services,true,true,,RESEARCH_PROPOSED,description,HIGH,,,
kirkens-bymisjon:feltsykepleien,kirkens-bymisjon,Feltsykepleien,Helse og behandling,addiction_support,false,true,,RESEARCH_PROPOSED,description,HIGH,,,
kirkens-bymisjon:forandringshuset,kirkens-bymisjon,Forandringshuset,"Barn, unge og familier",youth_drop_in,true,true,,RESEARCH_PROPOSED,description,MEDIUM,youth culture and prevention centre,,
kirkens-bymisjon:fri-barn-og-familie,kirkens-bymisjon,Fri – barn og familie,"Barn, unge og familier",family_support,true,true,,RESEARCH_PROPOSED,description,HIGH,,,
kirkens-bymisjon:fri-rus,kirkens-bymisjon,Fri – rus,Rettighetsarbeid,housing_outreach,true,true,,RESEARCH_PROPOSED,description,MEDIUM,path from shared room to own home,,
kirkens-bymisjon:fri-rus,kirkens-bymisjon,Fri – rus,Rettighetsarbeid,addiction_support,false,true,,RESEARCH_PROPOSED,description,MEDIUM,path from shared room to own home,,
kirkens-bymisjon:friminuttet,kirkens-bymisjon,Friminuttet,"Barn, unge og familier",homework_help,true,true,,RESEARCH_PROPOSED,description,HIGH,"homework help, meals and play",,
kirkens-bymisjon:fritidshuset-tonsberg,kirkens-bymisjon,Fritidshuset,"Barn, unge og familier",family_support,true,true,,RESEARCH_PROPOSED,description,HIGH,,,
kirkens-bymisjon:frivilligsentralen-kristiansand,kirkens-bymisjon,"Frivilligsentralen, Kristiansand",Nærmiljø,volunteer_centre,true,true,,RESEARCH_PROPOSED,name,HIGH,,,
kirkens-bymisjon:frivilligsentralen-pasvik,kirkens-bymisjon,"Frivilligsentralen, Pasvik","Barn, unge og familier",volunteer_centre,true,true,,RESEARCH_PROPOSED,name,HIGH,,,
kirkens-bymisjon:frivilligsentralen-sor-varanger,kirkens-bymisjon,"Frivilligsentralen, Sør-Varanger","Barn, unge og familier",volunteer_centre,true,true,,RESEARCH_PROPOSED,name,HIGH,,,
kirkens-bymisjon:gatejuristen,kirkens-bymisjon,Gatejuristen,Rettighetsarbeid,legal_aid,true,true,,RESEARCH_PROPOSED,description,HIGH,,,
kirkens-bymisjon:basen,kirkens-bymisjon,Gateklinikken,Rusomsorg,health_services,true,true,,RESEARCH_PROPOSED,description,HIGH,,,
kirkens-bymisjon:basen,kirkens-bymisjon,Gateklinikken,Rusomsorg,addiction_support,false,true,,RESEARCH_PROPOSED,description,HIGH,,,
kirkens-bymisjon:gatemagasinet-asfalt,kirkens-bymisjon,Gatemagasinet Asfalt,Arbeidsinkludering,work_inclusion,true,true,,RESEARCH_PROPOSED,description,HIGH,,,
kirkens-bymisjon:gatesosionomen,kirkens-bymisjon,Gatesosionomen,Rettighetsarbeid,housing_outreach,true,true,,RESEARCH_PROPOSED,description,LOW,GAP: help with public services has no category,,
kirkens-bymisjon:generasjonsmoter,kirkens-bymisjon,Generasjonsmøter,Nærmiljø,meeting_place,true,true,,RESEARCH_PROPOSED,description,HIGH,,,
kirkens-bymisjon:generasjonsmoter,kirkens-bymisjon,Generasjonsmøter,Nærmiljø,homework_help,false,true,,RESEARCH_PROPOSED,description,HIGH,,,
kirkens-bymisjon:gi-det-videre,kirkens-bymisjon,Gi det videre,"Barn, unge og familier",family_support,true,true,,RESEARCH_PROPOSED,description,LOW,GAP: donated clothes and sports equipment for children 0-18; equipment lending/donation has no category,,
kirkens-bymisjon:heggeli-barnehjem,kirkens-bymisjon,Heggeli barnehjem,"Barn, unge og familier",child_welfare,true,true,,RESEARCH_PROPOSED,name,HIGH,,,
kirkens-bymisjon:heggeli-familiehjem,kirkens-bymisjon,Heggeli fosterhjem,"Barn, unge og familier",child_welfare,true,true,,RESEARCH_PROPOSED,name,HIGH,,,
kirkens-bymisjon:heggeli-hjelpetiltak,kirkens-bymisjon,Heggeli hjelpetiltak,"Barn, unge og familier",child_welfare,true,true,,RESEARCH_PROPOSED,description,HIGH,,,
kirkens-bymisjon:heggeli-ungdomshjem,kirkens-bymisjon,Heggeli ungdomshjem,"Barn, unge og familier",child_welfare,true,true,,RESEARCH_PROPOSED,description,HIGH,,,
kirkens-bymisjon:helsesenteret-for-papirlose-migranter,kirkens-bymisjon,Helsesenteret for papirløse migranter,Helse og behandling,health_services,true,true,,RESEARCH_PROPOSED,name,HIGH,,,
kirkens-bymisjon:holmen,kirkens-bymisjon,Holmen,Helse og behandling,addiction_support,true,true,,RESEARCH_PROPOSED,description,HIGH,,,
kirkens-bymisjon:home-start,kirkens-bymisjon,Home-Start,"Barn, unge og familier",family_support,true,true,,RESEARCH_PROPOSED,description,HIGH,,,
kirkens-bymisjon:i-jobb,kirkens-bymisjon,I jobb,Arbeidsinkludering,work_inclusion,true,true,,RESEARCH_PROPOSED,description,HIGH,,,
kirkens-bymisjon:ila-frivilligsentral,kirkens-bymisjon,Ila Frivilligsentral,Nærmiljø,volunteer_centre,true,true,,RESEARCH_PROPOSED,name,HIGH,,,
kirkens-bymisjon:innsattes-barn,kirkens-bymisjon,Innsattes barn,"Barn, unge og familier",family_support,true,true,,RESEARCH_PROPOSED,description,HIGH,,,
kirkens-bymisjon:innsattes-barn,kirkens-bymisjon,Innsattes barn,"Barn, unge og familier",prison_reintegration,false,true,,RESEARCH_PROPOSED,description,HIGH,,,
kirkens-bymisjon:kafe-josephine,kirkens-bymisjon,Kafé Josephine,Nærmiljø,meeting_place,true,true,,RESEARCH_PROPOSED,description,HIGH,,,
kirkens-bymisjon:kafe-krohnhagen,kirkens-bymisjon,Kafé Krohnhagen,Bærekraft,meeting_place,true,true,,RESEARCH_PROPOSED,description,HIGH,,,
kirkens-bymisjon:kafe-saba,kirkens-bymisjon,Kafé Saba,Nærmiljø,meeting_place,true,true,,RESEARCH_PROPOSED,description,HIGH,,,
kirkens-bymisjon:kafe-torvet,kirkens-bymisjon,Kafé Torvet,Nærmiljø,meeting_place,true,true,,RESEARCH_PROPOSED,description,HIGH,,,
kirkens-bymisjon:kafe-honefoss,kirkens-bymisjon,"Kafé, Hønefoss",Arbeidsinkludering,meeting_place,true,true,,RESEARCH_PROPOSED,description,MEDIUM,"café open to all, run as a social enterprise",,
kirkens-bymisjon:kafe-honefoss,kirkens-bymisjon,"Kafé, Hønefoss",Arbeidsinkludering,work_inclusion,false,true,,RESEARCH_PROPOSED,description,MEDIUM,"café open to all, run as a social enterprise",,
kirkens-bymisjon:kafeer-og-motesteder,kirkens-bymisjon,Kafeer og møtesteder,Arbeidsinkludering,meeting_place,true,true,,RESEARCH_PROPOSED,description,HIGH,,,
kirkens-bymisjon:kaffekoppen,kirkens-bymisjon,Kaffekoppen,Nærmiljø,meeting_place,true,true,,RESEARCH_PROPOSED,description,HIGH,,,
kirkens-bymisjon:kb-arbeid,kirkens-bymisjon,KB arbeid,Arbeidsinkludering,work_inclusion,true,true,,RESEARCH_PROPOSED,description,HIGH,,,
kirkens-bymisjon:kirkens-bymisjons-barneverntiltak,kirkens-bymisjon,Kirkens Bymisjons barneverntiltak,"Barn, unge og familier",child_welfare,true,true,,RESEARCH_PROPOSED,name,HIGH,,,
kirkens-bymisjon:korskirken,kirkens-bymisjon,Korskirken,Nærmiljø,worship_open_church,true,true,,RESEARCH_PROPOSED,description,HIGH,,,
kirkens-bymisjon:kreaktivt-verksted,kirkens-bymisjon,Kreaktivt verksted,Arbeidsinkludering,work_inclusion,true,true,,RESEARCH_PROPOSED,description,HIGH,,,
kirkens-bymisjon:kreaktivt-verksted,kirkens-bymisjon,Kreaktivt verksted,Arbeidsinkludering,creative_crafts,false,true,,RESEARCH_PROPOSED,description,HIGH,,,
kirkens-bymisjon:kudos,kirkens-bymisjon,Kudos,Arbeidsinkludering,youth_drop_in,true,true,,RESEARCH_PROPOSED,description,MEDIUM,arenas where all young people are welcome,,
kirkens-bymisjon:kvartal-xiii,kirkens-bymisjon,Kvartal XIII,Helse og behandling,housing_outreach,true,true,,RESEARCH_PROPOSED,description,MEDIUM,supported living,,
kirkens-bymisjon:kvartal-xiii,kirkens-bymisjon,Kvartal XIII,Helse og behandling,addiction_support,false,true,,RESEARCH_PROPOSED,description,MEDIUM,supported living,,
kirkens-bymisjon:kvinner-i-sentrum,kirkens-bymisjon,Kvinner i sentrum,Mangfold,meeting_place,true,true,,RESEARCH_PROPOSED,description,HIGH,,,
kirkens-bymisjon:kvinner-i-sentrum,kirkens-bymisjon,Kvinner i sentrum,Mangfold,migrant_mentoring,false,true,,RESEARCH_PROPOSED,description,HIGH,,,
kirkens-bymisjon:kvinneverkstedet,kirkens-bymisjon,Kvinneverkstedet,Arbeidsinkludering,work_inclusion,true,true,,RESEARCH_PROPOSED,description,HIGH,,,
kirkens-bymisjon:larkollen-behandlingssenter,kirkens-bymisjon,Larkollen behandlingssenter,Helse og behandling,health_services,true,true,,RESEARCH_PROPOSED,description,HIGH,"long-term residential mental-health care, ages 13-18",,
kirkens-bymisjon:lauras-hus,kirkens-bymisjon,Lauras hus,Rettighetsarbeid,crisis_shelter,true,true,,RESEARCH_PROPOSED,description,MEDIUM,staffed housing for victims of human trafficking,,
kirkens-bymisjon:legal-aid,kirkens-bymisjon,Legal Aid,Rettighetsarbeid,legal_aid,true,true,,RESEARCH_PROPOSED,description,HIGH,,,
kirkens-bymisjon:matstasjon,kirkens-bymisjon,Matstasjon,Bærekraft,food_distribution,true,true,,RESEARCH_PROPOSED,description,HIGH,delivers surplus food to people's homes,,
kirkens-bymisjon:fattige-tilreisende,kirkens-bymisjon,Migrasjon Tøyen,Nærmiljø,housing_outreach,true,true,,RESEARCH_PROPOSED,description,MEDIUM,humanitarian help for poor EU/EEA citizens,,
kirkens-bymisjon:moss-frivilligsentral,kirkens-bymisjon,Moss Frivilligsentral,Nærmiljø,volunteer_centre,true,true,,RESEARCH_PROPOSED,name,HIGH,,,
kirkens-bymisjon:myrsnipa-samvaerssted,kirkens-bymisjon,Myrsnipa Samværssted,"Barn, unge og familier",child_welfare,true,true,,RESEARCH_PROPOSED,description,HIGH,supervised contact visits,,
kirkens-bymisjon:mysen-frivilligsentral,kirkens-bymisjon,Mysen Frivilligsentral,Nærmiljø,volunteer_centre,true,true,,RESEARCH_PROPOSED,name,HIGH,,,
kirkens-bymisjon:moteplass-for-ungdom,kirkens-bymisjon,Møteplass for ungdom,"Barn, unge og familier",youth_drop_in,true,true,,RESEARCH_PROPOSED,name,HIGH,,,
kirkens-bymisjon:motestedet,kirkens-bymisjon,Møtestedet,Nærmiljø,meeting_place,true,true,,RESEARCH_PROPOSED,description,HIGH,,,
kirkens-bymisjon:nabolagshuset,kirkens-bymisjon,Nabolagshuset,Arbeidsinkludering,youth_drop_in,true,true,,RESEARCH_PROPOSED,description,MEDIUM,,,
kirkens-bymisjon:nabolagshuset,kirkens-bymisjon,Nabolagshuset,Arbeidsinkludering,meeting_place,false,true,,RESEARCH_PROPOSED,description,MEDIUM,,,
kirkens-bymisjon:nadheim,kirkens-bymisjon,Nadheim,Rettighetsarbeid,health_services,true,true,,RESEARCH_PROPOSED,description,MEDIUM,"drop-in for people who sell sex or are trafficked: health, safety, advice",,
kirkens-bymisjon:natteravnene,kirkens-bymisjon,Natteravnene,"Barn, unge og familier",street_mediation,true,true,,RESEARCH_PROPOSED,name,HIGH,,,
kirkens-bymisjon:omsorgsstasjonen-for-barn-og-ungdom,kirkens-bymisjon,Omsorgsstasjonen for barn og ungdom,"Barn, unge og familier",family_support,true,true,,RESEARCH_PROPOSED,description,HIGH,counselling for families with school-age children; groups for separating parents,,
kirkens-bymisjon:oppsokende-team,kirkens-bymisjon,Oppsøkende team,Rusomsorg,addiction_support,true,true,,RESEARCH_PROPOSED,description,HIGH,,,
kirkens-bymisjon:oppsokende-team,kirkens-bymisjon,Oppsøkende team,Rusomsorg,housing_outreach,false,true,,RESEARCH_PROPOSED,description,HIGH,,,
kirkens-bymisjon:origosenteret,kirkens-bymisjon,Origosenteret,Rusomsorg,addiction_support,true,true,,RESEARCH_PROPOSED,description,HIGH,,,
kirkens-bymisjon:pedalen-sykkelverksted,kirkens-bymisjon,Pedalen sykkelverksted,Arbeidsinkludering,work_inclusion,true,true,,RESEARCH_PROPOSED,source_group,MEDIUM,a bicycle workshop run as work inclusion,,
kirkens-bymisjon:portalen,kirkens-bymisjon,Portalen,Arbeidsinkludering,work_inclusion,true,true,,RESEARCH_PROPOSED,description,HIGH,,,
kirkens-bymisjon:primaermedisinsk-verksted,kirkens-bymisjon,Primærmedisinsk verksted,"Barn, unge og familier",meeting_place,true,true,,RESEARCH_PROPOSED,description,MEDIUM,"women's café, men's group, language group, choir",,
kirkens-bymisjon:primaermedisinsk-verksted,kirkens-bymisjon,Primærmedisinsk verksted,"Barn, unge og familier",language_practice,false,true,,RESEARCH_PROPOSED,description,MEDIUM,"women's café, men's group, language group, choir",,
kirkens-bymisjon:produksjonskjokkenet,kirkens-bymisjon,Produksjonskjøkken,Arbeidsinkludering,work_inclusion,true,true,,RESEARCH_PROPOSED,description,MEDIUM,,,
kirkens-bymisjon:produksjonskjokkenet,kirkens-bymisjon,Produksjonskjøkken,Arbeidsinkludering,food_distribution,false,true,,RESEARCH_PROPOSED,description,MEDIUM,,,
kirkens-bymisjon:paahjul-sykkelverksted,kirkens-bymisjon,Paahjul sykkelverksted,Arbeidsinkludering,work_inclusion,true,true,,RESEARCH_PROPOSED,source_group,MEDIUM,a bicycle workshop run as work inclusion,,
kirkens-bymisjon:ren-by,kirkens-bymisjon,Ren by,Arbeidsinkludering,work_inclusion,true,true,,RESEARCH_PROPOSED,source_group,MEDIUM,a subscription cleaning service run as work inclusion,,
kirkens-bymisjon:ressurssenter-for-norske-romer,kirkens-bymisjon,Ressurssenter for norske romer,Mangfold,legal_aid,true,true,,RESEARCH_PROPOSED,description,MEDIUM,GAP-adjacent: rights work and help in meeting public services,,
kirkens-bymisjon:rettshjelp-a-krim,kirkens-bymisjon,Rettshjelp A-krim,Rettighetsarbeid,legal_aid,true,true,,RESEARCH_PROPOSED,description,HIGH,,,
kirkens-bymisjon:risenga-bo-og-omsorgssenter,kirkens-bymisjon,Risenga bo- og omsorgssenter,Eldre,health_services,true,true,,RESEARCH_PROPOSED,name,LOW,GAP: residential elderly care has no category,,
kirkens-bymisjon:robust,kirkens-bymisjon,Robust,"Barn, unge og familier",family_support,true,true,,RESEARCH_PROPOSED,description,HIGH,"counselling for school-age children and their families, no referral",,
kirkens-bymisjon:romano-kher,kirkens-bymisjon,Romano kher,"Barn, unge og familier",youth_activity_groups,true,true,,RESEARCH_PROPOSED,description,MEDIUM,leisure activities for Roma children,,
kirkens-bymisjon:rusomsorgen,kirkens-bymisjon,Rusomsorgen,Rusomsorg,addiction_support,true,true,,RESEARCH_PROPOSED,name,HIGH,,,
kirkens-bymisjon:saupstad-frivilligsentral,kirkens-bymisjon,Saupstad Frivilligsentral,Nærmiljø,volunteer_centre,true,true,,RESEARCH_PROPOSED,name,HIGH,,,
kirkens-bymisjon:skattkammeret,kirkens-bymisjon,Skattkammeret,Bærekraft,youth_activity_groups,true,true,,RESEARCH_PROPOSED,description,LOW,"GAP: free lending of sports and leisure equipment, under 25; no category",,
kirkens-bymisjon:skovheim-allsenter,kirkens-bymisjon,Skovheim allsenter,Eldre,meeting_place,true,true,,RESEARCH_PROPOSED,description,MEDIUM,meals as the gathering point,,
kirkens-bymisjon:spenn,kirkens-bymisjon,Spenn,Arbeidsinkludering,work_inclusion,true,true,,RESEARCH_PROPOSED,description,HIGH,,,
kirkens-bymisjon:sporet,kirkens-bymisjon,Sporet,Nærmiljø,housing_outreach,true,true,,RESEARCH_PROPOSED,description,HIGH,outreach at Oslo S,,
kirkens-bymisjon:sprak-gjennom-arbeid,kirkens-bymisjon,Språk gjennom arbeid,Arbeidsinkludering,language_practice,true,true,,RESEARCH_PROPOSED,name,HIGH,,,
kirkens-bymisjon:sprak-gjennom-arbeid,kirkens-bymisjon,Språk gjennom arbeid,Arbeidsinkludering,work_inclusion,false,true,,RESEARCH_PROPOSED,name,HIGH,,,
kirkens-bymisjon:st-hanshaugen-frivilligsentral,kirkens-bymisjon,St. Hanshaugen Frivilligsentral,Nærmiljø,volunteer_centre,true,true,,RESEARCH_PROPOSED,name,HIGH,,,
kirkens-bymisjon:st-hanshaugen-seniorsenter,kirkens-bymisjon,St. Hanshaugen seniorsenter,Eldre,meeting_place,true,true,,RESEARCH_PROPOSED,description,HIGH,,,
kirkens-bymisjon:stovner-frivilligsentral,kirkens-bymisjon,Stovner Frivilligsentral,Nærmiljø,volunteer_centre,true,true,,RESEARCH_PROPOSED,name,HIGH,,,
kirkens-bymisjon:stovner-leaderz,kirkens-bymisjon,Stovner Leaders,"Barn, unge og familier",youth_activity_groups,true,true,,RESEARCH_PROPOSED,description,MEDIUM,leadership training for young people,,
kirkens-bymisjon:sveio-frivilligsentral,kirkens-bymisjon,Sveio Frivilligsentral,Nærmiljø,volunteer_centre,true,true,,RESEARCH_PROPOSED,name,HIGH,,,
kirkens-bymisjon:tekstilinnsamling,kirkens-bymisjon,Tekstilinnsamling,Bærekraft,,,false,,RESEARCH_PROPOSED,description,HIGH,textile collection that funds the NGO's services,,
kirkens-bymisjon:tillitsperson,kirkens-bymisjon,Tillitsperson,Rettighetsarbeid,addiction_support,true,true,,RESEARCH_PROPOSED,description,MEDIUM,GAP-adjacent: assists people with addiction in contact with services,,
kirkens-bymisjon:toyen-kro,kirkens-bymisjon,Tøyen kro,Nærmiljø,meeting_place,true,true,,RESEARCH_PROPOSED,description,HIGH,,,
kirkens-bymisjon:toyenkirken,kirkens-bymisjon,Tøyenkirken,Nærmiljø,worship_open_church,true,true,,RESEARCH_PROPOSED,description,HIGH,,,
kirkens-bymisjon:toyenkirken,kirkens-bymisjon,Tøyenkirken,Nærmiljø,meeting_place,false,true,,RESEARCH_PROPOSED,description,HIGH,,,
kirkens-bymisjon:ullern-frivilligsentral,kirkens-bymisjon,Ullern Frivilligsentral,Nærmiljø,volunteer_centre,true,true,,RESEARCH_PROPOSED,name,HIGH,,,
kirkens-bymisjon:ung-pa-dagtid,kirkens-bymisjon,Ung på dagtid,Arbeidsinkludering,work_inclusion,true,true,,RESEARCH_PROPOSED,description,HIGH,,,
kirkens-bymisjon:ung-rettshjelp,kirkens-bymisjon,Ung rettshjelp,Rettighetsarbeid,legal_aid,true,true,,RESEARCH_PROPOSED,name,HIGH,,,
kirkens-bymisjon:ungdomskafe,kirkens-bymisjon,Ungdomskafé,"Barn, unge og familier",youth_drop_in,true,true,,RESEARCH_PROPOSED,name,HIGH,,,
kirkens-bymisjon:sitename-sep-title-page,kirkens-bymisjon,Unikum,Arbeidsinkludering,work_inclusion,true,true,,RESEARCH_PROPOSED,description,HIGH,,,
kirkens-bymisjon:vaktmestertjenesten,kirkens-bymisjon,Vaktmestertjenesten,Arbeidsinkludering,work_inclusion,true,true,,RESEARCH_PROPOSED,source_group,MEDIUM,a caretaker service run as work inclusion,,
kirkens-bymisjon:veiviser,kirkens-bymisjon,Veiviser,Mangfold,migrant_mentoring,true,true,,RESEARCH_PROPOSED,description,HIGH,"groups of three: newcomer, Norwegian-born, experienced migrant",,
kirkens-bymisjon:veiviser,kirkens-bymisjon,Veiviser,Mangfold,language_practice,false,true,,RESEARCH_PROPOSED,description,HIGH,"groups of three: newcomer, Norwegian-born, experienced migrant",,
kirkens-bymisjon:ventilene,kirkens-bymisjon,Ventilene,"Barn, unge og familier",peer_support,true,true,,RESEARCH_PROPOSED,description,MEDIUM,young relatives from difficult homes,,
kirkens-bymisjon:verdensrommet,kirkens-bymisjon,Verdensrommet,Rusomsorg,addiction_support,true,true,,RESEARCH_PROPOSED,source_group,LOW,no description on disk,,
kirkens-bymisjon:verksteder,kirkens-bymisjon,Verksteder,Arbeidsinkludering,work_inclusion,true,true,,RESEARCH_PROPOSED,description,HIGH,,,
kirkens-bymisjon:verkstedet,kirkens-bymisjon,Verkstedet,Arbeidsinkludering,work_inclusion,true,true,,RESEARCH_PROPOSED,description,HIGH,,,
kirkens-bymisjon:veslelien,kirkens-bymisjon,Veslelien,Helse og behandling,addiction_support,true,true,,RESEARCH_PROPOSED,description,HIGH,specialised addiction treatment,,
kirkens-bymisjon:vibemyr-skoleverksted,kirkens-bymisjon,Vibemyr skoleverksted,"Barn, unge og familier",homework_help,true,true,,RESEARCH_PROPOSED,description,LOW,GAP: an upper-secondary school with adapted teaching; no category for alternative education,,
kirkens-bymisjon:villa-berg,kirkens-bymisjon,Villa Berg,Helse og behandling,addiction_support,true,true,,RESEARCH_PROPOSED,description,HIGH,long-term addiction treatment for men over 18,,
kirkens-bymisjon:villa-berg,kirkens-bymisjon,Villa Berg,Helse og behandling,health_services,false,true,,RESEARCH_PROPOSED,description,HIGH,long-term addiction treatment for men over 18,,
kirkens-bymisjon:viste-strandhotell,kirkens-bymisjon,Viste strandhotell,Arbeidsinkludering,,,false,,RESEARCH_PROPOSED,description,HIGH,hotel and conference venue; the page describes no service for people,,
kirkens-bymisjon:valerengahjemmet-bo-og-kultursenter,kirkens-bymisjon,Vålerengahjemmet bo- og kultursenter,Eldre,health_services,true,true,,RESEARCH_PROPOSED,description,LOW,GAP: residential elderly care has no category,,
kirkens-bymisjon:valerengahjemmet-bo-og-kultursenter,kirkens-bymisjon,Vålerengahjemmet bo- og kultursenter,Eldre,meeting_place,false,true,,RESEARCH_PROPOSED,description,LOW,GAP: residential elderly care has no category,,
kirkens-bymisjon:var-frue-apen-kirke,kirkens-bymisjon,Vår Frue – åpen kirke,Nærmiljø,worship_open_church,true,true,,RESEARCH_PROPOSED,name,HIGH,,,
kirkens-bymisjon:var-frue-apen-kirke,kirkens-bymisjon,Vår Frue – åpen kirke,Nærmiljø,music_choir,false,true,,RESEARCH_PROPOSED,name,HIGH,,,
kirkens-bymisjon:ostbyen-frivilligsentral,kirkens-bymisjon,Østbyen Frivilligsentral,Nærmiljø,volunteer_centre,true,true,,RESEARCH_PROPOSED,name,HIGH,,,
kirkens-bymisjon:apen-barnehage,kirkens-bymisjon,Åpen barnehage,"Barn, unge og familier",family_support,true,true,,RESEARCH_PROPOSED,name,HIGH,,,
kirkens-bymisjon:apen-kirke,kirkens-bymisjon,Åpen kirke,Nærmiljø,worship_open_church,true,true,,RESEARCH_PROPOSED,name,HIGH,,,
lhl:bassengtrening-og-vanntrim,lhl,Bassengtrening og vanntrim,,physical_activity,true,true,,RESEARCH_PROPOSED,name,HIGH,warm-water training,,
lhl:local-bevegelse-til-musikk,lhl,Bevegelse til musikk,,physical_activity,true,true,,RESEARCH_PROPOSED,name,MEDIUM,,,
lhl:local-bevegelse-til-musikk,lhl,Bevegelse til musikk,,music_choir,false,true,,RESEARCH_PROPOSED,name,MEDIUM,,,
lhl:bingo-og-kortspill,lhl,Bingo og kortspill,,meeting_place,true,true,,RESEARCH_PROPOSED,name,HIGH,,,
lhl:bowling-boccia-og-spill-i-bevegelse,lhl,"Bowling, boccia og spill i bevegelse",,physical_activity,true,true,,RESEARCH_PROPOSED,name,HIGH,,,
lhl:bowling-boccia-og-spill-i-bevegelse,lhl,"Bowling, boccia og spill i bevegelse",,meeting_place,false,true,,RESEARCH_PROPOSED,name,HIGH,,,
lhl:dans,lhl,Dans,,physical_activity,true,true,,RESEARCH_PROPOSED,name,HIGH,,,
lhl:dans,lhl,Dans,,meeting_place,false,true,,RESEARCH_PROPOSED,name,HIGH,,,
lhl:ferieopphold-og-turer,lhl,Ferieopphold og turer,,meeting_place,true,true,,RESEARCH_PROPOSED,name,MEDIUM,trips and holiday stays for members,,
lhl:fysisk-aktivitet-niva-1,lhl,Fysisk aktivitet nivå 1,,physical_activity,true,true,,RESEARCH_PROPOSED,name,HIGH,"LHL level 1: gentlest, often for lung disease",,
lhl:fysisk-aktivitet-niva-1,lhl,Fysisk aktivitet nivå 1,,health_services,false,true,,RESEARCH_PROPOSED,name,HIGH,"LHL level 1: gentlest, often for lung disease",,
lhl:fysisk-aktivitet-niva-2,lhl,Fysisk aktivitet nivå 2,,physical_activity,true,true,,RESEARCH_PROPOSED,name,HIGH,LHL level 2 (formerly heart training),,
lhl:fysisk-aktivitet-niva-3,lhl,Fysisk aktivitet nivå 3,,physical_activity,true,true,,RESEARCH_PROPOSED,name,HIGH,LHL level 3,,
lhl:hobby-og-handarbeid,lhl,Hobby og håndarbeid,,creative_crafts,true,true,,RESEARCH_PROPOSED,name,HIGH,,,
lhl:local-lhl-skjak,lhl,LHL SKJÅK,,physical_activity,true,true,,RESEARCH_PROPOSED,description,LOW,an outdoor activity day; the page name is the chapter,,
lhl:pratekafe-og-sosiale-treff,lhl,Pratekafé og sosiale treff,,meeting_place,true,true,,RESEARCH_PROPOSED,name,HIGH,includes aphasia talk cafés,,
lhl:pratekafe-og-sosiale-treff,lhl,Pratekafé og sosiale treff,,peer_support,false,true,,RESEARCH_PROPOSED,name,HIGH,includes aphasia talk cafés,,
lhl:sanggruppe,lhl,Sanggruppe,,music_choir,true,true,,RESEARCH_PROPOSED,name,HIGH,,,
lhl:temamoter-og-kurs,lhl,Temamøter og kurs,,health_information,true,true,,RESEARCH_PROPOSED,name,HIGH,,,
lhl:trim-og-trening,lhl,Trim og trening,,physical_activity,true,true,,RESEARCH_PROPOSED,name,HIGH,,,
lhl:turgruppe-og-gaturer,lhl,Turgruppe og gåturer,,physical_activity,true,true,,RESEARCH_PROPOSED,name,HIGH,walking groups,,
lhl:yoga-balanse-og-avspenning,lhl,"Yoga, balanse og avspenning",,physical_activity,true,true,,RESEARCH_PROPOSED,name,HIGH,,,
mental-helse:foredrag-og-kurs,mental-helse,Foredrag og kurs,,health_information,true,true,,RESEARCH_PROPOSED,name,HIGH,,,
mental-helse:fysisk-aktivitet,mental-helse,Fysisk aktivitet,,physical_activity,true,true,,RESEARCH_PROPOSED,name,HIGH,,,
mental-helse:likepersoner-og-samtalegrupper,mental-helse,Likepersoner og samtalegrupper,,peer_support,true,true,,RESEARCH_PROPOSED,name,HIGH,,,
mental-helse:markeringer-for-psykisk-helse,mental-helse,Markeringer for psykisk helse,,political_advocacy,true,true,,RESEARCH_PROPOSED,name,HIGH,"torchlight march, world mental health day",,
mental-helse:sosialt-treff-og-kafe,mental-helse,Sosialt treff og kafé,,meeting_place,true,true,,RESEARCH_PROPOSED,name,HIGH,,,
mental-helse:sosialt-treff-og-kafe,mental-helse,Sosialt treff og kafé,,peer_support,false,true,,RESEARCH_PROPOSED,name,HIGH,,,
mental-helse:turgruppe-og-turer,mental-helse,Turgruppe og turer,,physical_activity,true,true,,RESEARCH_PROPOSED,name,HIGH,,,
mental-helse:utflukter-og-sosiale-arrangementer,mental-helse,Utflukter og sosiale arrangementer,,meeting_place,true,true,,RESEARCH_PROPOSED,name,MEDIUM,"cinema, trips, seasonal parties",,
nasjonalforeningen:demensvennlig-med-oss,nasjonalforeningen,Demensvennlig med oss,,dementia_support,true,true,,RESEARCH_PROPOSED,description,HIGH,courses for municipal staff and businesses who meet people with dementia,,
nasjonalforeningen:demensvennlig-med-oss,nasjonalforeningen,Demensvennlig med oss,,health_information,false,true,,RESEARCH_PROPOSED,description,HIGH,courses for municipal staff and businesses who meet people with dementia,,
nasjonalforeningen:ga-med-oss,nasjonalforeningen,Gå med oss,,physical_activity,true,true,,RESEARCH_PROPOSED,description,HIGH,walking groups for different target groups,,
nasjonalforeningen:gafotball,nasjonalforeningen,Gåfotball,,physical_activity,true,true,,RESEARCH_PROPOSED,description,HIGH,filed under activities for people with dementia,,
nasjonalforeningen:gafotball,nasjonalforeningen,Gåfotball,,dementia_support,false,true,,RESEARCH_PROPOSED,description,HIGH,filed under activities for people with dementia,,
nasjonalforeningen:spis-med-oss,nasjonalforeningen,Spis med oss,,meeting_place,true,true,,RESEARCH_PROPOSED,description,MEDIUM,meals as a meeting place; dementia café is one of its examples,,
nasjonalforeningen:spis-med-oss,nasjonalforeningen,Spis med oss,,dementia_support,false,true,,RESEARCH_PROPOSED,description,MEDIUM,meals as a meeting place; dementia café is one of its examples,,
nasjonalforeningen:strikk-med-oss,nasjonalforeningen,Strikk med oss,,creative_crafts,true,true,,RESEARCH_PROPOSED,description,HIGH,knitting cafés across generations,,
nasjonalforeningen:syng-med-oss,nasjonalforeningen,Syng med oss,,music_choir,true,true,,RESEARCH_PROPOSED,description,HIGH,singing for people with dementia,,
nasjonalforeningen:syng-med-oss,nasjonalforeningen,Syng med oss,,dementia_support,false,true,,RESEARCH_PROPOSED,description,HIGH,singing for people with dementia,,
sanitetskvinnene:asylmottak,sanitetskvinnene,Aktiviteter på asylmottak,integrering,migrant_mentoring,true,true,,RESEARCH_PROPOSED,name,HIGH,,,
sanitetskvinnene:dig-in,sanitetskvinnene,Dig In,,physical_activity,true,true,,RESEARCH_PROPOSED,none,LOW,a placeholder: nothing on disk says what Dig In is; needs R10 before review,,
sanitetskvinnene:eldre,sanitetskvinnene,Eldre,,,,false,,RESEARCH_PROPOSED,description,HIGH,"a thematic area page (group heading), not an activity",,
sanitetskvinnene:integrering,sanitetskvinnene,Integrering,,,,false,,RESEARCH_PROPOSED,description,HIGH,"a thematic area page (group heading), not an activity",,
sanitetskvinnene:kanskje-kommer-kongen,sanitetskvinnene,Kanskje kommer kongen,eldre,meeting_place,true,true,,RESEARCH_PROPOSED,description,MEDIUM,against loneliness among older women living alone,,
sanitetskvinnene:kanskje-kommer-kongen,sanitetskvinnene,Kanskje kommer kongen,eldre,elderly_visiting,false,true,,RESEARCH_PROPOSED,description,MEDIUM,against loneliness among older women living alone,,
sanitetskvinnene:klovertur,sanitetskvinnene,Kløvertur,eldre,physical_activity,true,true,,RESEARCH_PROPOSED,description,HIGH,,,
sanitetskvinnene:kvinnehelse,sanitetskvinnene,Kvinnehelse lokalt,,health_information,true,true,,RESEARCH_PROPOSED,description,HIGH,,,
sanitetskvinnene:lesevenn,sanitetskvinnene,Lesevenn,,reading_friend,true,true,,RESEARCH_PROPOSED,name,HIGH,,,
sanitetskvinnene:motherhood,sanitetskvinnene,Motherhood - mor i nytt land,integrering,family_support,true,true,,RESEARCH_PROPOSED,description,HIGH,,,
sanitetskvinnene:motherhood,sanitetskvinnene,Motherhood - mor i nytt land,integrering,migrant_mentoring,false,true,,RESEARCH_PROPOSED,description,HIGH,,,
sanitetskvinnene:naeringsliv,sanitetskvinnene,Næringsliv,,,,false,,RESEARCH_PROPOSED,description,HIGH,guidance for chapters on working with local businesses,,
sanitetskvinnene:omsorgsberedskap,sanitetskvinnene,Omsorgsberedskap,,crisis_preparedness,true,true,,RESEARCH_PROPOSED,name,HIGH,,,
sanitetskvinnene:ressursvenn,sanitetskvinnene,Ressursvenn,,crisis_shelter,true,true,,RESEARCH_PROPOSED,description,HIGH,"support after leaving a violent partner (was violence_support, merged)",,
sanitetskvinnene:sisterhood,sanitetskvinnene,Sisterhood,,meeting_place,true,true,,RESEARCH_PROPOSED,name,LOW,page on disk is training material; the activity itself needs R10,,
sanitetskvinnene:sisterhood,sanitetskvinnene,Sisterhood,,migrant_mentoring,false,true,,RESEARCH_PROPOSED,name,LOW,page on disk is training material; the activity itself needs R10,,
sanitetskvinnene:sprakvenn,sanitetskvinnene,Språkvennn,integrering,language_practice,true,true,,RESEARCH_PROPOSED,name,HIGH,,,
speiderforbundet:bever,speiderforbundet,Bever,,youth_activity_groups,true,true,,RESEARCH_PROPOSED,description,HIGH,"scouting, school years 1-2",,
speiderforbundet:rover,speiderforbundet,Rover,,youth_activity_groups,true,true,,RESEARCH_PROPOSED,description,HIGH,"scouting, ages 16-25",,
speiderforbundet:smaspeider,speiderforbundet,Småspeider,,youth_activity_groups,true,true,,RESEARCH_PROPOSED,description,HIGH,"scouting, school years 3-4",,
speiderforbundet:speidertropp,speiderforbundet,Speidertropp,,youth_activity_groups,true,true,,RESEARCH_PROPOSED,description,HIGH,"scouting troop, school years 5-10",,
speiderforbundet:stifinner,speiderforbundet,Stifinner,,youth_activity_groups,true,true,,RESEARCH_PROPOSED,description,HIGH,"scouting, school years 5-7",,
speiderforbundet:vandrer,speiderforbundet,Vandrer,,youth_activity_groups,true,true,,RESEARCH_PROPOSED,description,HIGH,"scouting, school years 8-10",,
redcross:local-bruk-hue,redcross,'Bruk hue',,meeting_place,true,true,,RESEARCH_PROPOSED,name,LOW,"a local social or community activity; check the branch text; a branch's own activity, 1 branch(es)",,
redcross:local-nar-krigen-raser,redcross,'Når krigen raser',,meeting_place,true,true,,RESEARCH_PROPOSED,name,LOW,"a local social or community activity; check the branch text; a branch's own activity, 1 branch(es)",,
redcross:local-rode-kors-telefonen,redcross,'Røde Kors-telefonen',,crisis_helpline,true,true,,RESEARCH_PROPOSED,name,HIGH,"a branch's own activity, 1 branch(es)",,
redcross:local-aktiv-aldring,redcross,Aktiv aldring,,physical_activity,true,true,,RESEARCH_PROPOSED,name,HIGH,"a branch's own activity, 1 branch(es)",,
redcross:local-aktiv-i-100,redcross,Aktiv i 100,,physical_activity,true,true,,RESEARCH_PROPOSED,name,HIGH,"a branch's own activity, 1 branch(es)",,
redcross:aktiviteter-pa-asylmottak,redcross,Aktiviteter på asylmottak,,migrant_mentoring,true,true,migrant_mentoring,RESEARCH_PROPOSED,atlas_case,HIGH,on 8 branch pages,,
redcross:local-aktiviteter-som-dekker-ulike-behov-i-kommunen,redcross,Aktiviteter som dekker ulike behov i kommunen,,meeting_place,true,true,,RESEARCH_PROPOSED,name,LOW,"a local social or community activity; check the branch text; a branch's own activity, 1 branch(es)",,
redcross:local-aktivitets-og-tiltaksgruppe-for-funksjonshemmede,redcross,Aktivitets- og tiltaksgruppe for funksjonshemmede,,meeting_place,true,true,,RESEARCH_PROPOSED,name,LOW,"GAP-adjacent: activities for people with disabilities; a branch's own activity, 1 branch(es)",,
redcross:local-aktivitetsdager-for-alle,redcross,Aktivitetsdager for alle,,physical_activity,true,true,,RESEARCH_PROPOSED,name,HIGH,"a branch's own activity, 1 branch(es)",,
redcross:local-aktivitetsgruppa,redcross,Aktivitetsgruppa,,meeting_place,true,true,,RESEARCH_PROPOSED,name,LOW,"a local social or community activity; check the branch text; a branch's own activity, 2 branch(es)",,
redcross:local-allsang-pa-grinitun,redcross,Allsang på Grinitun,,music_choir,true,true,,RESEARCH_PROPOSED,name,HIGH,"a branch's own activity, 1 branch(es)",,
redcross:local-andre-aktiviteter-for-barn-og-unge-pa-distriktet-og-nasjonalt,redcross,Andre aktiviteter for barn og unge på distriktet og nasjonalt,,youth_activity_groups,true,true,,RESEARCH_PROPOSED,name,MEDIUM,"a branch's own activity, 1 branch(es)",,
redcross:local-andre-omsorgsaktiviteter,redcross,Andre omsorgsaktiviteter,,elderly_visiting,true,true,,RESEARCH_PROPOSED,name,LOW,"Røde Kors omsorg = mostly visiting and social activities for older people; a branch's own activity, 1 branch(es)",,
redcross:local-arbeidstrening,redcross,Arbeidstrening,,work_inclusion,true,true,,RESEARCH_PROPOSED,name,MEDIUM,"a branch's own activity, 1 branch(es)",,
redcross:local-arbeidstrening-for-ungdom,redcross,Arbeidstrening for ungdom,,youth_activity_groups,true,true,,RESEARCH_PROPOSED,name,MEDIUM,"a branch's own activity, 2 branch(es)",,
redcross:local-arna-og-asane-rode-kors-flyktningaktiviteter,redcross,Arna og Åsane Røde Kors Flyktningaktiviteter,,migrant_mentoring,true,true,,RESEARCH_PROPOSED,name,MEDIUM,"a branch's own activity, 1 branch(es)",,
redcross:local-askim-rode-kors-aktivitetsgruppe-arka,redcross,Askim Røde Kors Aktivitetsgruppe (ARKA),,meeting_place,true,true,,RESEARCH_PROPOSED,name,LOW,"a local social or community activity; check the branch text; a branch's own activity, 1 branch(es)",,
redcross:local-bading-i-bassenget,redcross,Bading i bassenget,,physical_activity,true,true,,RESEARCH_PROPOSED,name,HIGH,"a branch's own activity, 1 branch(es)",,
redcross:local-barn-og-unge,redcross,Barn og unge,,youth_activity_groups,true,true,,RESEARCH_PROPOSED,name,MEDIUM,"a branch's own activity, 2 branch(es)",,
redcross:local-barnas-dag,redcross,Barnas Dag,,family_support,true,true,,RESEARCH_PROPOSED,name,MEDIUM,"a branch's own activity, 1 branch(es)",,
redcross:barnas-rode-kors,redcross,Barnas Røde Kors,,youth_activity_groups,true,true,youth_activity_groups,RESEARCH_PROPOSED,atlas_case,HIGH,on 81 branch pages,,
redcross:local-barnegrupper,redcross,Barnegrupper,,youth_activity_groups,true,true,,RESEARCH_PROPOSED,name,MEDIUM,"a branch's own activity, 1 branch(es)",,
redcross:local-barnehjelpa,redcross,Barnehjelpa,,youth_activity_groups,true,true,,RESEARCH_PROPOSED,name,MEDIUM,"a branch's own activity, 1 branch(es)",,
redcross:local-barnehjelpen,redcross,Barnehjelpen,,youth_activity_groups,true,true,,RESEARCH_PROPOSED,name,MEDIUM,"a branch's own activity, 3 branch(es)",,
redcross:beredskap,redcross,Beredskap,,first_aid_standby,true,true,first_aid_standby,RESEARCH_PROPOSED,atlas_case,MEDIUM,v2 adds crisis_preparedness; on rodekors.no it also covers psykososial førstehjelp groups; on 101 branch pages,,
redcross:beredskap,redcross,Beredskap,,crisis_preparedness,false,true,first_aid_standby,RESEARCH_PROPOSED,atlas_case,MEDIUM,v2 adds crisis_preparedness; on rodekors.no it also covers psykososial førstehjelp groups; on 101 branch pages,,
redcross:local-besteforeldre-i-skolen,redcross,Besteforeldre i skolen,,elderly_visiting,true,true,,RESEARCH_PROPOSED,name,LOW,"Røde Kors omsorg = mostly visiting and social activities for older people; a branch's own activity, 2 branch(es)",,
redcross:besokstjeneste,redcross,Besøkstjeneste,,elderly_visiting,true,true,elderly_visiting,RESEARCH_PROPOSED,atlas_case,HIGH,on 214 branch pages,,
redcross:besoksvenn-med-hund,redcross,Besøksvenn med hund,,elderly_visiting,true,true,elderly_visiting,RESEARCH_PROPOSED,atlas_case,HIGH,on 67 branch pages,,
redcross:local-blodgiver,redcross,Blodgiver,,,,false,,RESEARCH_PROPOSED,name,HIGH,"blood donor recruitment - Atlas: not a service; a branch's own activity, 1 branch(es)",,
redcross:local-blodgiververving,redcross,Blodgiververving,,,,false,,RESEARCH_PROPOSED,name,HIGH,"blood donor recruitment - Atlas: not a service; a branch's own activity, 1 branch(es)",,
redcross:local-blodgivning,redcross,Blodgivning,,,,false,,RESEARCH_PROPOSED,name,HIGH,"blood donor recruitment - Atlas: not a service; a branch's own activity, 1 branch(es)",,
redcross:bruktbutikk,redcross,Bruktbutikk,,thrift_shop,true,true,thrift_shop,RESEARCH_PROPOSED,atlas_case,HIGH,on 14 branch pages,,
redcross:local-bystua,redcross,Bystuå,,meeting_place,true,true,,RESEARCH_PROPOSED,name,LOW,"a local social or community activity; check the branch text; a branch's own activity, 1 branch(es)",,
redcross:local-baerplukking,redcross,Bærplukking,,creative_crafts,true,true,,RESEARCH_PROPOSED,name,MEDIUM,"a branch's own activity, 1 branch(es)",,
redcross:local-barebiltjeneste,redcross,Bårebiltjeneste,,elderly_visiting,true,true,,RESEARCH_PROPOSED,name,LOW,"GAP: practical help (transport, shopping, digital help); no category; a branch's own activity, 1 branch(es)",,
redcross:local-damedag,redcross,Damedag,,meeting_place,true,true,,RESEARCH_PROPOSED,name,MEDIUM,"women's and international groups; a branch's own activity, 1 branch(es)",,
redcross:local-damedag,redcross,Damedag,,migrant_mentoring,false,true,,RESEARCH_PROPOSED,name,MEDIUM,"women's and international groups; a branch's own activity, 1 branch(es)",,
redcross:local-dameforeningen,redcross,Dameforeningen,,meeting_place,true,true,,RESEARCH_PROPOSED,name,MEDIUM,"women's and international groups; a branch's own activity, 1 branch(es)",,
redcross:local-dameforeningen,redcross,Dameforeningen,,migrant_mentoring,false,true,,RESEARCH_PROPOSED,name,MEDIUM,"women's and international groups; a branch's own activity, 1 branch(es)",,
redcross:local-datahjelp-for-eldre,redcross,Datahjelp for eldre,,elderly_visiting,true,true,,RESEARCH_PROPOSED,name,LOW,"Røde Kors omsorg = mostly visiting and social activities for older people; a branch's own activity, 1 branch(es)",,
redcross:digital-leksehjelp,redcross,Digital leksehjelp,,homework_help,true,true,homework_help,RESEARCH_PROPOSED,atlas_case,HIGH,on 2 branch pages,,
redcross:local-digital-senior,redcross,Digital Senior,,elderly_visiting,true,true,,RESEARCH_PROPOSED,name,LOW,"Røde Kors omsorg = mostly visiting and social activities for older people; a branch's own activity, 2 branch(es)",,
redcross:local-dykkergruppe,redcross,Dykkergruppe,,rescue_corps,true,true,,RESEARCH_PROPOSED,name,MEDIUM,"a branch's own activity, 1 branch(es)",,
redcross:dorapner,redcross,Døråpner,,meeting_place,true,true,not a service,RESEARCH_PROPOSED,description,HIGH,"CHANGE: Atlas marks it not a service; rodekors.no (R8): free evening activity groups after addiction, psychiatry, prison or loneliness; on 1 branch pages",,
redcross:dorapner,redcross,Døråpner,,addiction_support,false,true,not a service,RESEARCH_PROPOSED,description,HIGH,"CHANGE: Atlas marks it not a service; rodekors.no (R8): free evening activity groups after addiction, psychiatry, prison or loneliness; on 1 branch pages",,
redcross:dorapner,redcross,Døråpner,,prison_reintegration,false,true,not a service,RESEARCH_PROPOSED,description,HIGH,"CHANGE: Atlas marks it not a service; rodekors.no (R8): free evening activity groups after addiction, psychiatry, prison or loneliness; on 1 branch pages",,
redcross:local-dovetjeneste,redcross,Døvetjeneste,,meeting_place,true,true,,RESEARCH_PROPOSED,name,LOW,"GAP-adjacent: activities for people with disabilities; a branch's own activity, 1 branch(es)",,
redcross:local-eldreomsorg,redcross,Eldreomsorg,,elderly_visiting,true,true,,RESEARCH_PROPOSED,name,LOW,"Røde Kors omsorg = mostly visiting and social activities for older people; a branch's own activity, 1 branch(es)",,
redcross:local-eldres-hus,redcross,Eldres Hus,,elderly_visiting,true,true,,RESEARCH_PROPOSED,name,LOW,"Røde Kors omsorg = mostly visiting and social activities for older people; a branch's own activity, 1 branch(es)",,
redcross:local-eldretrim,redcross,Eldretrim,,physical_activity,true,true,,RESEARCH_PROPOSED,name,HIGH,"a branch's own activity, 1 branch(es)",,
redcross:local-et-annerledes-juletre,redcross,Et annerledes juletre,,family_support,true,true,,RESEARCH_PROPOSED,name,MEDIUM,"Christmas gifts for families with little money; a branch's own activity, 1 branch(es)",,
redcross:eva,redcross,EVA,,crisis_shelter,true,true,not a service,RESEARCH_PROPOSED,description,HIGH,"CHANGE: Atlas marks it not a service; rodekors.no (R8): a support person for a year after domestic violence, negative social control or trafficking; on 2 branch pages",,
redcross:local-evne-og-vilje,redcross,Evne og Vilje,,meeting_place,true,true,,RESEARCH_PROPOSED,name,LOW,"GAP-adjacent: activities for people with disabilities; a branch's own activity, 1 branch(es)",,
redcross:local-familiedag,redcross,Familiedag,,family_support,true,true,,RESEARCH_PROPOSED,name,MEDIUM,"a branch's own activity, 1 branch(es)",,
redcross:local-familiekobling,redcross,Familiekobling,,migrant_mentoring,true,true,,RESEARCH_PROPOSED,name,MEDIUM,"a branch's own activity, 1 branch(es)",,
redcross:local-familiekvelder,redcross,Familiekvelder,,family_support,true,true,,RESEARCH_PROPOSED,name,MEDIUM,"a branch's own activity, 1 branch(es)",,
redcross:local-familietid,redcross,Familietid,,family_support,true,true,,RESEARCH_PROPOSED,name,MEDIUM,"a branch's own activity, 2 branch(es)",,
redcross:ferie-for-alle,redcross,Ferie for alle,,holiday_camps_low_income,true,true,holiday_camps_low_income,RESEARCH_PROPOSED,atlas_case,HIGH,on 34 branch pages,,
redcross:local-ferieglede,redcross,Ferieglede,,holiday_camps_low_income,true,true,,RESEARCH_PROPOSED,name,MEDIUM,"a branch's own activity, 1 branch(es)",,
redcross:local-ferieglede,redcross,Ferieglede,,family_support,false,true,,RESEARCH_PROPOSED,name,MEDIUM,"a branch's own activity, 1 branch(es)",,
redcross:local-flerkultur,redcross,Flerkultur,,migrant_mentoring,true,true,,RESEARCH_PROPOSED,name,MEDIUM,"a branch's own activity, 3 branch(es)",,
redcross:local-flerkultur-og-migrasjon,redcross,Flerkultur og Migrasjon,,migrant_mentoring,true,true,,RESEARCH_PROPOSED,name,MEDIUM,"a branch's own activity, 1 branch(es)",,
redcross:local-flerkulturelle-aktiviteter,redcross,Flerkulturelle aktiviteter,,migrant_mentoring,true,true,,RESEARCH_PROPOSED,name,MEDIUM,"a branch's own activity, 1 branch(es)",,
redcross:local-flerkulturelt-arbeid,redcross,Flerkulturelt arbeid,,migrant_mentoring,true,true,,RESEARCH_PROPOSED,name,MEDIUM,"a branch's own activity, 2 branch(es)",,
redcross:flyktningguide,redcross,Flyktningguide,,migrant_mentoring,true,true,migrant_mentoring,RESEARCH_PROPOSED,atlas_case,HIGH,on 45 branch pages,,
redcross:local-foreldrekafe,redcross,Foreldrekafè,,family_support,true,true,,RESEARCH_PROPOSED,name,MEDIUM,"a branch's own activity, 1 branch(es)",,
redcross:local-frivilligtjenesten-ved-unn,redcross,Frivilligtjenesten ved UNN,,health_services,true,true,,RESEARCH_PROPOSED,name,LOW,"GAP: hospital guides and hosts; no category for volunteering in hospitals; a branch's own activity, 2 branch(es)",,
redcross:local-frivilligverter-pa-unn-narvik,redcross,Frivilligverter på UNN Narvik,,health_services,true,true,,RESEARCH_PROPOSED,name,LOW,"GAP: hospital guides and hosts; no category for volunteering in hospitals; a branch's own activity, 1 branch(es)",,
redcross:local-fugleredet-en-kretiv-handarbeidsgruppe,redcross,Fugleredet - en kretiv håndarbeidsgruppe,,creative_crafts,true,true,,RESEARCH_PROPOSED,name,MEDIUM,"a branch's own activity, 1 branch(es)",,
redcross:local-folgetjeneste,redcross,Følgetjeneste,,elderly_visiting,true,true,,RESEARCH_PROPOSED,name,LOW,"GAP: practical help (transport, shopping, digital help); no category; a branch's own activity, 2 branch(es)",,
redcross:local-g10-ungdomsklubb-i-moss-sentrum,redcross,G10 - Ungdomsklubb i Moss sentrum,,youth_drop_in,true,true,,RESEARCH_PROPOSED,name,HIGH,"a branch's own activity, 1 branch(es)",,
redcross:local-gardermogruppa,redcross,Gardermogruppa,,meeting_place,true,true,,RESEARCH_PROPOSED,name,LOW,"GAP-adjacent: assistance for people with disabilities (airport, guiding the blind); a branch's own activity, 1 branch(es)",,
redcross:local-gartnergruppa,redcross,Gartnergruppa,,creative_crafts,true,true,,RESEARCH_PROPOSED,name,MEDIUM,"a branch's own activity, 1 branch(es)",,
redcross:gatemegling,redcross,Gatemegling,,street_mediation,true,true,street_mediation,RESEARCH_PROPOSED,atlas_case,HIGH,on 10 branch pages,,
redcross:local-generasjonsarbeid,redcross,Generasjonsarbeid,,elderly_visiting,true,true,,RESEARCH_PROPOSED,name,MEDIUM,"young people read and sing for residents of care homes; a branch's own activity, 1 branch(es)",,
redcross:local-gi-blod,redcross,Gi blod,,,,false,,RESEARCH_PROPOSED,name,HIGH,"blood donor recruitment - Atlas: not a service; a branch's own activity, 3 branch(es)",,
redcross:local-gjenbruksbutikken,redcross,Gjenbruksbutikken,,thrift_shop,true,true,,RESEARCH_PROPOSED,name,HIGH,"a branch's own activity, 1 branch(es)",,
redcross:local-gruppe-13-aktivitet-for-barn-med-nedsatt-funksjonsevne,redcross,Gruppe 13 Aktivitet for barn med nedsatt funksjonsevne,,youth_activity_groups,true,true,,RESEARCH_PROPOSED,name,MEDIUM,"a branch's own activity, 1 branch(es)",,
redcross:habil,redcross,Habil,,work_inclusion,true,true,family_support,RESEARCH_PROPOSED,description,MEDIUM,"CHANGE: rodekors.no (R8): a volunteer to practise driving with, for a driving licence - mobility for work; on 6 branch pages",,
redcross:local-handarbeidsgruppe,redcross,Handarbeidsgruppe,,creative_crafts,true,true,,RESEARCH_PROPOSED,name,MEDIUM,"a branch's own activity, 1 branch(es)",,
redcross:local-handlehjelpen,redcross,Handlehjelpen,,elderly_visiting,true,true,,RESEARCH_PROPOSED,name,LOW,"GAP: practical help (transport, shopping, digital help); no category; a branch's own activity, 1 branch(es)",,
redcross:hjelpekorps,redcross,Hjelpekorps,,rescue_corps,true,true,rescue_corps,RESEARCH_PROPOSED,atlas_case,HIGH,on 262 branch pages,,
redcross:local-hjerte-for-larvik,redcross,Hjerte for Larvik,,meeting_place,true,true,,RESEARCH_PROPOSED,name,LOW,"a local social or community activity; check the branch text; a branch's own activity, 1 branch(es)",,
redcross:local-hjertestartere-i-suldal-kommune,redcross,Hjertestartere i Suldal kommune,,first_aid_training,true,true,,RESEARCH_PROPOSED,name,LOW,"defibrillators placed in the community; a branch's own activity, 1 branch(es)",,
redcross:local-hobbykvelder,redcross,Hobbykvelder,,creative_crafts,true,true,,RESEARCH_PROPOSED,name,MEDIUM,"a branch's own activity, 1 branch(es)",,
redcross:local-hverdagshjelpen,redcross,Hverdagshjelpen,,elderly_visiting,true,true,,RESEARCH_PROPOSED,name,LOW,"GAP: practical help (transport, shopping, digital help); no category; a branch's own activity, 1 branch(es)",,
redcross:local-hverdagsvenn-krisesenter,redcross,Hverdagsvenn (Krisesenter),,crisis_shelter,true,true,,RESEARCH_PROPOSED,name,HIGH,"a branch's own activity, 1 branch(es)",,
redcross:local-hyggekvelder-for-funksjonshemmede,redcross,Hyggekvelder for funksjonshemmede,,meeting_place,true,true,,RESEARCH_PROPOSED,name,LOW,"GAP-adjacent: activities for people with disabilities; a branch's own activity, 1 branch(es)",,
redcross:local-hostfest-pa-grinitun,redcross,Høstfest på Grinitun,,meeting_place,true,true,,RESEARCH_PROPOSED,name,LOW,"a local social or community activity; check the branch text; a branch's own activity, 1 branch(es)",,
redcross:local-hostmarked,redcross,Høstmarked,,meeting_place,true,true,,RESEARCH_PROPOSED,name,LOW,"a local social or community activity; check the branch text; a branch's own activity, 1 branch(es)",,
redcross:local-innebandy,redcross,Innebandy,,physical_activity,true,true,,RESEARCH_PROPOSED,name,HIGH,"a branch's own activity, 1 branch(es)",,
redcross:local-integrering,redcross,Integrering,,migrant_mentoring,true,true,,RESEARCH_PROPOSED,name,MEDIUM,"a branch's own activity, 2 branch(es)",,
redcross:local-internasjonal-dameklubb,redcross,Internasjonal dameklubb,,meeting_place,true,true,,RESEARCH_PROPOSED,name,MEDIUM,"women's and international groups; a branch's own activity, 1 branch(es)",,
redcross:local-internasjonal-dameklubb,redcross,Internasjonal dameklubb,,migrant_mentoring,false,true,,RESEARCH_PROPOSED,name,MEDIUM,"women's and international groups; a branch's own activity, 1 branch(es)",,
redcross:local-internasjonal-fiskeklubb,redcross,Internasjonal fiskeklubb,,meeting_place,true,true,,RESEARCH_PROPOSED,name,MEDIUM,"women's and international groups; a branch's own activity, 1 branch(es)",,
redcross:local-internasjonal-fiskeklubb,redcross,Internasjonal fiskeklubb,,migrant_mentoring,false,true,,RESEARCH_PROPOSED,name,MEDIUM,"women's and international groups; a branch's own activity, 1 branch(es)",,
redcross:local-internasjonal-gruppe-for-menn,redcross,Internasjonal gruppe for menn,,meeting_place,true,true,,RESEARCH_PROPOSED,name,MEDIUM,"women's and international groups; a branch's own activity, 1 branch(es)",,
redcross:local-internasjonal-gruppe-for-menn,redcross,Internasjonal gruppe for menn,,migrant_mentoring,false,true,,RESEARCH_PROPOSED,name,MEDIUM,"women's and international groups; a branch's own activity, 1 branch(es)",,
redcross:local-internasjonal-handarbeidsgruppe,redcross,Internasjonal handarbeidsgruppe,,meeting_place,true,true,,RESEARCH_PROPOSED,name,MEDIUM,"women's and international groups; a branch's own activity, 1 branch(es)",,
redcross:local-internasjonal-handarbeidsgruppe,redcross,Internasjonal handarbeidsgruppe,,migrant_mentoring,false,true,,RESEARCH_PROPOSED,name,MEDIUM,"women's and international groups; a branch's own activity, 1 branch(es)",,
redcross:local-internasjonal-kafe,redcross,Internasjonal kafè,,meeting_place,true,true,,RESEARCH_PROPOSED,name,MEDIUM,"women's and international groups; a branch's own activity, 1 branch(es)",,
redcross:local-internasjonal-kafe,redcross,Internasjonal kafè,,migrant_mentoring,false,true,,RESEARCH_PROPOSED,name,MEDIUM,"women's and international groups; a branch's own activity, 1 branch(es)",,
redcross:local-internasjonal-kvinnegruppe,redcross,Internasjonal kvinnegruppe,,meeting_place,true,true,,RESEARCH_PROPOSED,name,MEDIUM,"women's and international groups; a branch's own activity, 5 branch(es)",,
redcross:local-internasjonal-kvinnegruppe,redcross,Internasjonal kvinnegruppe,,migrant_mentoring,false,true,,RESEARCH_PROPOSED,name,MEDIUM,"women's and international groups; a branch's own activity, 5 branch(es)",,
redcross:local-jobbsjansen,redcross,Jobbsjansen,,work_inclusion,true,true,,RESEARCH_PROPOSED,name,MEDIUM,"a branch's own activity, 1 branch(es)",,
redcross:local-julaften-for-alle,redcross,Julaften for alle,,holiday_camps_low_income,true,true,,RESEARCH_PROPOSED,name,MEDIUM,"a branch's own activity, 1 branch(es)",,
redcross:local-julaften-for-alle,redcross,Julaften for alle,,family_support,false,true,,RESEARCH_PROPOSED,name,MEDIUM,"a branch's own activity, 1 branch(es)",,
redcross:local-julearrangement-pa-kjokkenet-as,redcross,Julearrangement på Kjøkkenet AS,,meeting_place,true,true,,RESEARCH_PROPOSED,name,MEDIUM,"Christmas Eve for people who would otherwise be alone; a branch's own activity, 1 branch(es)",,
redcross:local-juletre-med-mening,redcross,Juletre med mening,,family_support,true,true,,RESEARCH_PROPOSED,name,MEDIUM,"Christmas gifts for families with little money; a branch's own activity, 1 branch(es)",,
redcross:local-juleonsketre,redcross,Juleønsketre,,family_support,true,true,,RESEARCH_PROPOSED,name,MEDIUM,"Christmas gifts for families with little money; a branch's own activity, 1 branch(es)",,
redcross:local-kaffekroken,redcross,Kaffekroken,,meeting_place,true,true,,RESEARCH_PROPOSED,name,LOW,"a local social or community activity; check the branch text; a branch's own activity, 1 branch(es)",,
redcross:local-kameleonkvinnene,redcross,Kameleonkvinnene,,meeting_place,true,true,,RESEARCH_PROPOSED,name,MEDIUM,"women's and international groups; a branch's own activity, 1 branch(es)",,
redcross:local-kameleonkvinnene,redcross,Kameleonkvinnene,,migrant_mentoring,false,true,,RESEARCH_PROPOSED,name,MEDIUM,"women's and international groups; a branch's own activity, 1 branch(es)",,
redcross:local-kjoretrening,redcross,Kjøretrening,,work_inclusion,true,true,,RESEARCH_PROPOSED,name,MEDIUM,"a branch's own activity, 1 branch(es)",,
redcross:local-klesrommet-vart,redcross,Klesrommet vårt,,thrift_shop,true,true,,RESEARCH_PROPOSED,name,HIGH,"a branch's own activity, 1 branch(es)",,
redcross:local-klubben,redcross,Klubben,,youth_drop_in,true,true,,RESEARCH_PROPOSED,name,HIGH,"a branch's own activity, 1 branch(es)",,
redcross:local-kompis,redcross,Kompis,,meeting_place,true,true,,RESEARCH_PROPOSED,name,LOW,"a local social or community activity; check the branch text; a branch's own activity, 1 branch(es)",,
redcross:kors-pa-halsen,redcross,Kors på Halsen,,crisis_helpline,true,true,crisis_helpline,RESEARCH_PROPOSED,atlas_case,HIGH,on 2 branch pages,,
redcross:local-kreativo,redcross,Kreativo,,creative_crafts,true,true,,RESEARCH_PROPOSED,name,MEDIUM,"a branch's own activity, 1 branch(es)",,
redcross:local-kulturvenn,redcross,Kulturvenn,,elderly_visiting,true,true,,RESEARCH_PROPOSED,name,LOW,"Røde Kors omsorg = mostly visiting and social activities for older people; a branch's own activity, 1 branch(es)",,
redcross:local-kustilbud-frivillig-vestby-og-as-rode-kors,redcross,Kustilbud frivillig Vestby og Ås Røde Kors,,,,false,,RESEARCH_PROPOSED,name,HIGH,"about the branch or its volunteers (management, reception, volunteer training), not a service; a branch's own activity, 1 branch(es)",,
redcross:local-kveldsmat,redcross,Kveldsmat,,food_distribution,true,true,,RESEARCH_PROPOSED,name,MEDIUM,"a branch's own activity, 1 branch(es)",,
redcross:local-kvinnegruppa,redcross,Kvinnegruppa,,meeting_place,true,true,,RESEARCH_PROPOSED,name,MEDIUM,"women's and international groups; a branch's own activity, 2 branch(es)",,
redcross:local-kvinnegruppa,redcross,Kvinnegruppa,,migrant_mentoring,false,true,,RESEARCH_PROPOSED,name,MEDIUM,"women's and international groups; a branch's own activity, 2 branch(es)",,
redcross:local-kvinnegruppe,redcross,Kvinnegruppe,,meeting_place,true,true,,RESEARCH_PROPOSED,name,MEDIUM,"women's and international groups; a branch's own activity, 2 branch(es)",,
redcross:local-kvinnegruppe,redcross,Kvinnegruppe,,migrant_mentoring,false,true,,RESEARCH_PROPOSED,name,MEDIUM,"women's and international groups; a branch's own activity, 2 branch(es)",,
redcross:local-kvinnegruppen,redcross,Kvinnegruppen,,meeting_place,true,true,,RESEARCH_PROPOSED,name,MEDIUM,"women's and international groups; a branch's own activity, 1 branch(es)",,
redcross:local-kvinnegruppen,redcross,Kvinnegruppen,,migrant_mentoring,false,true,,RESEARCH_PROPOSED,name,MEDIUM,"women's and international groups; a branch's own activity, 1 branch(es)",,
redcross:local-ledersagertjeneste-samarbeid-med-norges-blindeforbund,redcross,Ledersagertjeneste - Samarbeid med Norges Blindeforbund,,meeting_place,true,true,,RESEARCH_PROPOSED,name,LOW,"GAP-adjacent: assistance for people with disabilities (airport, guiding the blind); a branch's own activity, 1 branch(es)",,
redcross:local-leir-for-funksjonshemmede,redcross,Leir for funksjonshemmede,,meeting_place,true,true,,RESEARCH_PROPOSED,name,LOW,"GAP-adjacent: activities for people with disabilities; a branch's own activity, 1 branch(es)",,
redcross:leksehjelp,redcross,Leksehjelp,,homework_help,true,true,homework_help,RESEARCH_PROPOSED,atlas_case,HIGH,on 32 branch pages,,
redcross:local-les-mer-om-utstyrsbasen-turbo,redcross,Les mer om Utstyrsbasen TURBO,,youth_activity_groups,true,true,,RESEARCH_PROPOSED,name,LOW,"GAP: free equipment lending (BUA-type); no category; a branch's own activity, 1 branch(es)",,
redcross:local-lesevenn,redcross,Lesevenn,,reading_friend,true,true,,RESEARCH_PROPOSED,name,HIGH,"a branch's own activity, 1 branch(es)",,
redcross:local-lokalforeining,redcross,Lokalforeining,,,,false,,RESEARCH_PROPOSED,name,HIGH,"about the branch or its volunteers (management, reception, volunteer training), not a service; a branch's own activity, 1 branch(es)",,
redcross:local-loppemarked,redcross,Loppemarked,,thrift_shop,true,true,,RESEARCH_PROPOSED,name,HIGH,"a branch's own activity, 1 branch(es)",,
redcross:local-lyngdoler-hjelper-lyngdoler,redcross,Lyngdøler hjelper Lyngdøler,,meeting_place,true,true,,RESEARCH_PROPOSED,name,LOW,"a local social or community activity; check the branch text; a branch's own activity, 1 branch(es)",,
redcross:local-lyttevenn,redcross,Lyttevenn,,elderly_visiting,true,true,,RESEARCH_PROPOSED,name,LOW,"Røde Kors omsorg = mostly visiting and social activities for older people; a branch's own activity, 1 branch(es)",,
redcross:local-mangfold,redcross,Mangfold,,migrant_mentoring,true,true,,RESEARCH_PROPOSED,name,MEDIUM,"a branch's own activity, 1 branch(es)",,
redcross:local-mat-pa-bordet,redcross,Mat på bordet,,food_distribution,true,true,,RESEARCH_PROPOSED,name,MEDIUM,"a branch's own activity, 1 branch(es)",,
redcross:local-matservering-hver-mandag,redcross,Matservering hver mandag,,food_distribution,true,true,,RESEARCH_PROPOSED,name,MEDIUM,"a branch's own activity, 1 branch(es)",,
redcross:local-matstasjon,redcross,Matstasjon,,food_distribution,true,true,,RESEARCH_PROPOSED,name,MEDIUM,"a branch's own activity, 1 branch(es)",,
redcross:local-medkvinner,redcross,Medkvinner,,meeting_place,true,true,,RESEARCH_PROPOSED,name,MEDIUM,"women's and international groups; a branch's own activity, 1 branch(es)",,
redcross:local-medkvinner,redcross,Medkvinner,,migrant_mentoring,false,true,,RESEARCH_PROPOSED,name,MEDIUM,"women's and international groups; a branch's own activity, 1 branch(es)",,
redcross:local-mengdekjoring,redcross,Mengdekjøring,,work_inclusion,true,true,,RESEARCH_PROPOSED,name,MEDIUM,"a branch's own activity, 1 branch(es)",,
redcross:local-mentor,redcross,Mentor,,meeting_place,true,true,,RESEARCH_PROPOSED,name,LOW,"a local social or community activity; check the branch text; a branch's own activity, 2 branch(es)",,
redcross:mentorfamilie,redcross,Mentorfamilie,,family_support,true,true,family_support,RESEARCH_PROPOSED,atlas_case,MEDIUM,on 2 branch pages,,
redcross:mentorfamilie,redcross,Mentorfamilie,,migrant_mentoring,false,true,family_support,RESEARCH_PROPOSED,atlas_case,MEDIUM,on 2 branch pages,,
redcross:local-migrasjon,redcross,Migrasjon,,migrant_mentoring,true,true,,RESEARCH_PROPOSED,name,MEDIUM,"a branch's own activity, 7 branch(es)",,
redcross:local-migrasjonsaktiviteter,redcross,Migrasjonsaktiviteter,,migrant_mentoring,true,true,,RESEARCH_PROPOSED,name,MEDIUM,"a branch's own activity, 2 branch(es)",,
redcross:local-migrasjonsarbeid,redcross,Migrasjonsarbeid,,migrant_mentoring,true,true,,RESEARCH_PROPOSED,name,MEDIUM,"a branch's own activity, 1 branch(es)",,
redcross:local-mulighetens-hus,redcross,Mulighetens hus,,meeting_place,true,true,,RESEARCH_PROPOSED,name,LOW,"a local social or community activity; check the branch text; a branch's own activity, 1 branch(es)",,
redcross:moteplass-fellesverkene,redcross,Møteplass Fellesverkene,,youth_drop_in,true,true,youth_drop_in,RESEARCH_PROPOSED,atlas_case,MEDIUM,on 12 branch pages,,
redcross:moteplasser,redcross,Møteplasser,,meeting_place,true,true,family_support,RESEARCH_PROPOSED,description,MEDIUM,CHANGE: Atlas best guess; v2 has meeting_place; on 65 branch pages,,
redcross:local-namsos-frivilligsentral,redcross,Namsos frivilligsentral,,meeting_place,true,true,,RESEARCH_PROPOSED,name,LOW,"a local social or community activity; check the branch text; a branch's own activity, 1 branch(es)",,
redcross:local-nasjonalt-ankomstsenter-rade,redcross,Nasjonalt Ankomstsenter Råde,,migrant_mentoring,true,true,,RESEARCH_PROPOSED,name,MEDIUM,"a branch's own activity, 1 branch(es)",,
redcross:nattevandring,redcross,Nattevandring,,street_mediation,true,true,street_mediation,RESEARCH_PROPOSED,atlas_case,HIGH,Atlas best guess confirmed: v2 street_mediation covers night walks; on 9 branch pages,,
redcross:local-nettverk,redcross,Nettverk,,meeting_place,true,true,,RESEARCH_PROPOSED,name,LOW,"a local social or community activity; check the branch text; a branch's own activity, 1 branch(es)",,
redcross:nettverk-etter-soning,redcross,Nettverk etter soning,,prison_reintegration,true,true,prison_reintegration,RESEARCH_PROPOSED,atlas_case,HIGH,on 5 branch pages,,
redcross:local-nettverksarbeid,redcross,Nettverksarbeid,,meeting_place,true,true,,RESEARCH_PROPOSED,name,LOW,"a local social or community activity; check the branch text; a branch's own activity, 5 branch(es)",,
redcross:local-nettverksgruppe,redcross,Nettverksgruppe,,meeting_place,true,true,,RESEARCH_PROPOSED,name,LOW,"a local social or community activity; check the branch text; a branch's own activity, 1 branch(es)",,
redcross:local-norskprat,redcross,Norskprat,,language_practice,true,true,,RESEARCH_PROPOSED,name,HIGH,"a branch's own activity, 2 branch(es)",,
redcross:norsktrening,redcross,Norsktrening,,language_practice,true,true,language_practice,RESEARCH_PROPOSED,atlas_case,HIGH,on 34 branch pages,,
redcross:local-norskundervisning-for-kvinner,redcross,Norskundervisning for kvinner,,language_practice,true,true,,RESEARCH_PROPOSED,name,HIGH,"a branch's own activity, 1 branch(es)",,
redcross:local-omsorg,redcross,Omsorg,,elderly_visiting,true,true,,RESEARCH_PROPOSED,name,LOW,"Røde Kors omsorg = mostly visiting and social activities for older people; a branch's own activity, 12 branch(es)",,
redcross:local-omsorg-barn-og-unge-obu,redcross,Omsorg barn og unge (OBU),,family_support,true,true,,RESEARCH_PROPOSED,name,MEDIUM,"a branch's own activity, 1 branch(es)",,
redcross:local-omsorg-for-barn-og-unge-obu,redcross,Omsorg for barn og unge (OBU),,family_support,true,true,,RESEARCH_PROPOSED,name,MEDIUM,"a branch's own activity, 1 branch(es)",,
redcross:local-omsorgsaktiviteter,redcross,Omsorgsaktiviteter,,elderly_visiting,true,true,,RESEARCH_PROPOSED,name,LOW,"Røde Kors omsorg = mostly visiting and social activities for older people; a branch's own activity, 3 branch(es)",,
redcross:local-omsorgsarbeid,redcross,Omsorgsarbeid,,elderly_visiting,true,true,,RESEARCH_PROPOSED,name,LOW,"Røde Kors omsorg = mostly visiting and social activities for older people; a branch's own activity, 1 branch(es)",,
redcross:local-omsorgstjenesten,redcross,Omsorgstjenesten,,elderly_visiting,true,true,,RESEARCH_PROPOSED,name,LOW,"Røde Kors omsorg = mostly visiting and social activities for older people; a branch's own activity, 1 branch(es)",,
redcross:local-onsdagsgjengen,redcross,Onsdagsgjengen,,meeting_place,true,true,,RESEARCH_PROPOSED,name,LOW,"a local social or community activity; check the branch text; a branch's own activity, 1 branch(es)",,
redcross:opplaering,redcross,Opplæring,,first_aid_training,true,true,first_aid_training,RESEARCH_PROPOSED,atlas_case,MEDIUM,on 30 branch pages,,
redcross:local-oppvekstaktivitet,redcross,Oppvekstaktivitet,,youth_activity_groups,true,true,,RESEARCH_PROPOSED,name,MEDIUM,"a branch's own activity, 1 branch(es)",,
redcross:local-parorende-og-evakuerte-gruppe,redcross,Pårørende- og evakuerte gruppe,,crisis_preparedness,true,true,,RESEARCH_PROPOSED,name,MEDIUM,"a branch's own activity, 1 branch(es)",,
redcross:local-paskekaffe,redcross,Påskekaffe,,meeting_place,true,true,,RESEARCH_PROPOSED,name,LOW,"a local social or community activity; check the branch text; a branch's own activity, 1 branch(es)",,
redcross:local-resepsjon,redcross,Resepsjon,,,,false,,RESEARCH_PROPOSED,name,HIGH,"about the branch or its volunteers (management, reception, volunteer training), not a service; a branch's own activity, 1 branch(es)",,
redcross:local-ressursgruppe-ettersamtale,redcross,Ressursgruppe ettersamtale,,crisis_preparedness,true,true,,RESEARCH_PROPOSED,name,MEDIUM,"a branch's own activity, 1 branch(es)",,
redcross:local-ressursgruppe-hus,redcross,Ressursgruppe hus,,meeting_place,true,true,,RESEARCH_PROPOSED,name,LOW,"a local social or community activity; check the branch text; a branch's own activity, 1 branch(es)",,
redcross:local-ressursgruppe-omsorg,redcross,Ressursgruppe omsorg,,elderly_visiting,true,true,,RESEARCH_PROPOSED,name,LOW,"Røde Kors omsorg = mostly visiting and social activities for older people; a branch's own activity, 1 branch(es)",,
redcross:local-restart-sosial-inkludering,redcross,Restart – sosial inkludering,,meeting_place,true,true,,RESEARCH_PROPOSED,name,LOW,"a local social or community activity; check the branch text; a branch's own activity, 1 branch(es)",,
redcross:local-rusfri-16-mai-fest-for-ungdom,redcross,Rusfri 16. mai-fest for ungdom,,youth_activity_groups,true,true,,RESEARCH_PROPOSED,name,MEDIUM,"a branch's own activity, 1 branch(es)",,
redcross:local-rode-kors-bassenget,redcross,Røde Kors Bassenget,,physical_activity,true,true,,RESEARCH_PROPOSED,name,HIGH,"a branch's own activity, 1 branch(es)",,
redcross:local-rode-kors-buda,redcross,Røde Kors Buda,,meeting_place,true,true,,RESEARCH_PROPOSED,name,LOW,"a local social or community activity; check the branch text; a branch's own activity, 1 branch(es)",,
redcross:local-rode-kors-butikk,redcross,Røde Kors butikk,,thrift_shop,true,true,,RESEARCH_PROPOSED,name,HIGH,"a branch's own activity, 2 branch(es)",,
redcross:local-rode-kors-butikk-bruktbua-pa-fjellhamar-i-lorenskog,redcross,Røde Kors butikk – Bruktbua på Fjellhamar i Lørenskog,,thrift_shop,true,true,,RESEARCH_PROPOSED,name,HIGH,"a branch's own activity, 1 branch(es)",,
redcross:local-rode-kors-butikk-mysen,redcross,Røde Kors Butikk Mysen,,thrift_shop,true,true,,RESEARCH_PROPOSED,name,HIGH,"a branch's own activity, 1 branch(es)",,
redcross:rode-kors-friluftsliv-og-forstehjelp-roff,redcross,Røde Kors Friluftsliv og Førstehjelp (RØFF),,youth_activity_groups,true,true,youth_activity_groups,RESEARCH_PROPOSED,atlas_case,HIGH,on 56 branch pages,,
redcross:rode-kors-friluftsliv-og-forstehjelp-roff,redcross,Røde Kors Friluftsliv og Førstehjelp (RØFF),,first_aid_training,false,true,youth_activity_groups,RESEARCH_PROPOSED,atlas_case,HIGH,on 56 branch pages,,
redcross:local-rode-kors-inviterer-til-gratis-ferie,redcross,Røde Kors inviterer til gratis ferie,,holiday_camps_low_income,true,true,,RESEARCH_PROPOSED,name,MEDIUM,"a branch's own activity, 1 branch(es)",,
redcross:local-rode-kors-inviterer-til-gratis-ferie,redcross,Røde Kors inviterer til gratis ferie,,family_support,false,true,,RESEARCH_PROPOSED,name,MEDIUM,"a branch's own activity, 1 branch(es)",,
redcross:local-rode-kors-treningssenter,redcross,Røde Kors treningssenter,,physical_activity,true,true,,RESEARCH_PROPOSED,name,HIGH,"a branch's own activity, 1 branch(es)",,
redcross:local-rode-kors-trimmen,redcross,Røde Kors trimmen,,physical_activity,true,true,,RESEARCH_PROPOSED,name,HIGH,"a branch's own activity, 1 branch(es)",,
redcross:local-rode-kors-kafe,redcross,Røde Kors-kafè,,meeting_place,true,true,,RESEARCH_PROPOSED,name,LOW,"a local social or community activity; check the branch text; a branch's own activity, 2 branch(es)",,
redcross:local-rode-kors-telefonen-om-negativ-sosial-kontroll-og-aeresrelatert-vold,redcross,Røde Kors-telefonen om negativ sosial kontroll og æresrelatert vold,,crisis_helpline,true,true,,RESEARCH_PROPOSED,name,HIGH,"a branch's own activity, 1 branch(es)",,
redcross:local-rodekorsstua,redcross,Rødekorsstua,,meeting_place,true,true,,RESEARCH_PROPOSED,name,LOW,"a local social or community activity; check the branch text; a branch's own activity, 1 branch(es)",,
redcross:local-samarbeidsgruppa,redcross,Samarbeidsgruppa,,meeting_place,true,true,,RESEARCH_PROPOSED,name,LOW,"a local social or community activity; check the branch text; a branch's own activity, 1 branch(es)",,
redcross:local-sanggruppe,redcross,Sanggruppe,,music_choir,true,true,,RESEARCH_PROPOSED,name,HIGH,"a branch's own activity, 1 branch(es)",,
redcross:local-seniorbingo,redcross,Seniorbingo,,elderly_visiting,true,true,,RESEARCH_PROPOSED,name,LOW,"Røde Kors omsorg = mostly visiting and social activities for older people; a branch's own activity, 1 branch(es)",,
redcross:local-seniorgruppa,redcross,Seniorgruppa,,elderly_visiting,true,true,,RESEARCH_PROPOSED,name,LOW,"Røde Kors omsorg = mostly visiting and social activities for older people; a branch's own activity, 1 branch(es)",,
redcross:local-sherrytralla,redcross,Sherrytralla,,meeting_place,true,true,,RESEARCH_PROPOSED,name,LOW,"a local social or community activity; check the branch text; a branch's own activity, 1 branch(es)",,
redcross:local-sjaforer,redcross,Sjåfører,,elderly_visiting,true,true,,RESEARCH_PROPOSED,name,LOW,"GAP: practical help (transport, shopping, digital help); no category; a branch's own activity, 1 branch(es)",,
redcross:local-skiens-optimister-seniorvolleyball,redcross,Skiens Optimister - seniorvolleyball,,physical_activity,true,true,,RESEARCH_PROPOSED,name,HIGH,"a branch's own activity, 1 branch(es)",,
redcross:local-skitur-til-kongsberg,redcross,Skitur til Kongsberg,,physical_activity,true,true,,RESEARCH_PROPOSED,name,HIGH,"a branch's own activity, 1 branch(es)",,
redcross:local-smud-ungdomsklubb,redcross,Smud Ungdomsklubb,,youth_drop_in,true,true,,RESEARCH_PROPOSED,name,HIGH,"a branch's own activity, 1 branch(es)",,
redcross:local-sosial-kontakt-og-nettverksarbeid,redcross,Sosial kontakt og nettverksarbeid,,meeting_place,true,true,,RESEARCH_PROPOSED,name,LOW,"a local social or community activity; check the branch text; a branch's own activity, 2 branch(es)",,
redcross:local-sosial-resept,redcross,Sosial resept,,physical_activity,true,true,,RESEARCH_PROPOSED,name,MEDIUM,"activity on prescription; a branch's own activity, 1 branch(es)",,
redcross:local-sosial-resept,redcross,Sosial resept,,meeting_place,false,true,,RESEARCH_PROPOSED,name,MEDIUM,"activity on prescription; a branch's own activity, 1 branch(es)",,
redcross:local-spillkvelder,redcross,Spillkvelder,,meeting_place,true,true,,RESEARCH_PROPOSED,name,LOW,"a local social or community activity; check the branch text; a branch's own activity, 1 branch(es)",,
redcross:local-spisevenn,redcross,Spisevenn,,elderly_visiting,true,true,,RESEARCH_PROPOSED,name,LOW,"Røde Kors omsorg = mostly visiting and social activities for older people; a branch's own activity, 1 branch(es)",,
redcross:sprakgruppe,redcross,Språkgruppe,,language_practice,true,true,language_practice,RESEARCH_PROPOSED,atlas_case,HIGH,on 16 branch pages,,
redcross:local-spydeberg-dagen,redcross,Spydeberg-dagen,,meeting_place,true,true,,RESEARCH_PROPOSED,name,LOW,"a local social or community activity; check the branch text; a branch's own activity, 1 branch(es)",,
redcross:local-strikkegruppe,redcross,Strikkegruppe,,creative_crafts,true,true,,RESEARCH_PROPOSED,name,MEDIUM,"a branch's own activity, 1 branch(es)",,
redcross:local-strikkekafe,redcross,Strikkekafè,,creative_crafts,true,true,,RESEARCH_PROPOSED,name,MEDIUM,"a branch's own activity, 2 branch(es)",,
redcross:local-strikkekveld,redcross,Strikkekveld,,creative_crafts,true,true,,RESEARCH_PROPOSED,name,MEDIUM,"a branch's own activity, 1 branch(es)",,
redcross:local-sulasusen-klubb-for-funksjonshemmede,redcross,Sulasusen - klubb for funksjonshemmede,,meeting_place,true,true,,RESEARCH_PROPOSED,name,LOW,"GAP-adjacent: activities for people with disabilities; a branch's own activity, 1 branch(es)",,
redcross:local-svommetrening,redcross,Svømmetrening,,physical_activity,true,true,,RESEARCH_PROPOSED,name,HIGH,"a branch's own activity, 1 branch(es)",,
redcross:local-svomming-for-kvinner,redcross,Svømming for kvinner,,meeting_place,true,true,,RESEARCH_PROPOSED,name,MEDIUM,"women's and international groups; a branch's own activity, 1 branch(es)",,
redcross:local-svomming-for-kvinner,redcross,Svømming for kvinner,,migrant_mentoring,false,true,,RESEARCH_PROPOSED,name,MEDIUM,"women's and international groups; a branch's own activity, 1 branch(es)",,
redcross:local-sygruppa,redcross,Sygruppa,,creative_crafts,true,true,,RESEARCH_PROPOSED,name,MEDIUM,"a branch's own activity, 1 branch(es)",,
redcross:local-sygruppe,redcross,Sygruppe,,creative_crafts,true,true,,RESEARCH_PROPOSED,name,MEDIUM,"a branch's own activity, 1 branch(es)",,
redcross:local-sykehusguide,redcross,Sykehusguide,,health_services,true,true,,RESEARCH_PROPOSED,name,LOW,"GAP: hospital guides and hosts; no category for volunteering in hospitals; a branch's own activity, 4 branch(es)",,
redcross:local-sykehusvert,redcross,Sykehusvert,,health_services,true,true,,RESEARCH_PROPOSED,name,LOW,"GAP: hospital guides and hosts; no category for volunteering in hospitals; a branch's own activity, 1 branch(es)",,
redcross:local-sykkelvenner,redcross,Sykkelvenner,,physical_activity,true,true,,RESEARCH_PROPOSED,name,HIGH,"a branch's own activity, 1 branch(es)",,
redcross:local-syltemartnan,redcross,Syltemartnan,,creative_crafts,true,true,,RESEARCH_PROPOSED,name,MEDIUM,"a branch's own activity, 1 branch(es)",,
redcross:local-systue,redcross,Systue,,creative_crafts,true,true,,RESEARCH_PROPOSED,name,MEDIUM,"a branch's own activity, 1 branch(es)",,
redcross:local-til-topps,redcross,Til topps,,physical_activity,true,true,,RESEARCH_PROPOSED,name,HIGH,"a branch's own activity, 4 branch(es)",,
redcross:local-torsdagstrimmen,redcross,Torsdagstrimmen,,physical_activity,true,true,,RESEARCH_PROPOSED,name,HIGH,"a branch's own activity, 1 branch(es)",,
redcross:local-tralletjeneste,redcross,Tralletjeneste,,elderly_visiting,true,true,,RESEARCH_PROPOSED,name,LOW,"GAP: practical help (transport, shopping, digital help); no category; a branch's own activity, 1 branch(es)",,
redcross:local-transportgruppe,redcross,Transportgruppe,,elderly_visiting,true,true,,RESEARCH_PROPOSED,name,LOW,"GAP: practical help (transport, shopping, digital help); no category; a branch's own activity, 1 branch(es)",,
redcross:treffpunkt-rode-kors-ungdom,redcross,Treffpunkt - Røde Kors Ungdom,,youth_drop_in,true,true,youth_drop_in,RESEARCH_PROPOSED,atlas_case,HIGH,on 20 branch pages,,
redcross:local-trivselsvakt,redcross,Trivselsvakt,,meeting_place,true,true,,RESEARCH_PROPOSED,name,LOW,"a local social or community activity; check the branch text; a branch's own activity, 1 branch(es)",,
redcross:local-trygg-hygge,redcross,Trygg hygge,,meeting_place,true,true,,RESEARCH_PROPOSED,name,LOW,"a local social or community activity; check the branch text; a branch's own activity, 1 branch(es)",,
redcross:local-turbua,redcross,TURBUA,,youth_activity_groups,true,true,,RESEARCH_PROPOSED,name,LOW,"GAP: free equipment lending (BUA-type); no category; a branch's own activity, 1 branch(es)",,
redcross:turgruppe,redcross,Turgruppe,,physical_activity,true,true,youth_activity_groups,RESEARCH_PROPOSED,description,MEDIUM,CHANGE: Atlas best guess; v2 has physical_activity; on 8 branch pages,,
redcross:local-turmarsj,redcross,Turmarsj,,physical_activity,true,true,,RESEARCH_PROPOSED,name,HIGH,"a branch's own activity, 1 branch(es)",,
redcross:local-ungdom,redcross,Ungdom,,youth_activity_groups,true,true,,RESEARCH_PROPOSED,name,MEDIUM,"a branch's own activity, 4 branch(es)",,
redcross:local-ungdomsfrivillighet,redcross,Ungdomsfrivillighet,,youth_activity_groups,true,true,,RESEARCH_PROPOSED,name,MEDIUM,"a branch's own activity, 1 branch(es)",,
redcross:local-ungdomsklubb,redcross,Ungdomsklubb,,youth_drop_in,true,true,,RESEARCH_PROPOSED,name,HIGH,"a branch's own activity, 1 branch(es)",,
redcross:local-ungdomsklubben,redcross,Ungdomsklubben,,youth_drop_in,true,true,,RESEARCH_PROPOSED,name,HIGH,"a branch's own activity, 1 branch(es)",,
redcross:local-utlanssentralen-i-kongsberg,redcross,Utlånssentralen i Kongsberg,,youth_activity_groups,true,true,,RESEARCH_PROPOSED,name,LOW,"GAP: free equipment lending (BUA-type); no category; a branch's own activity, 1 branch(es)",,
redcross:local-utstyrsbank,redcross,Utstyrsbank,,youth_activity_groups,true,true,,RESEARCH_PROPOSED,name,LOW,"GAP: free equipment lending (BUA-type); no category; a branch's own activity, 1 branch(es)",,
redcross:local-utstyrsbanken,redcross,Utstyrsbanken,,youth_activity_groups,true,true,,RESEARCH_PROPOSED,name,LOW,"GAP: free equipment lending (BUA-type); no category; a branch's own activity, 1 branch(es)",,
redcross:local-utstyrsbasen-turbo,redcross,Utstyrsbasen TURBO,,youth_activity_groups,true,true,,RESEARCH_PROPOSED,name,LOW,"GAP: free equipment lending (BUA-type); no category; a branch's own activity, 1 branch(es)",,
redcross:local-vaffellaget,redcross,Vaffellaget,,meeting_place,true,true,,RESEARCH_PROPOSED,name,LOW,"a local social or community activity; check the branch text; a branch's own activity, 1 branch(es)",,
redcross:local-vardo-rk-omsorg,redcross,Vardø RK Omsorg,,elderly_visiting,true,true,,RESEARCH_PROPOSED,name,LOW,"Røde Kors omsorg = mostly visiting and social activities for older people; a branch's own activity, 1 branch(es)",,
redcross:local-varetransport,redcross,Varetransport,,elderly_visiting,true,true,,RESEARCH_PROPOSED,name,LOW,"GAP: practical help (transport, shopping, digital help); no category; a branch's own activity, 1 branch(es)",,
redcross:local-varmestua,redcross,Varmestua,,food_distribution,true,true,,RESEARCH_PROPOSED,name,MEDIUM,"a branch's own activity, 1 branch(es)",,
redcross:vennefamilie,redcross,Vennefamilie,,family_support,true,true,family_support,RESEARCH_PROPOSED,atlas_case,HIGH,on 3 branch pages,,
redcross:vennefamilie,redcross,Vennefamilie,,migrant_mentoring,false,true,family_support,RESEARCH_PROPOSED,atlas_case,HIGH,on 3 branch pages,,
redcross:local-verdens-kvinner,redcross,Verdens kvinner,,meeting_place,true,true,,RESEARCH_PROPOSED,name,MEDIUM,"women's and international groups; a branch's own activity, 1 branch(es)",,
redcross:local-verdens-kvinner,redcross,Verdens kvinner,,migrant_mentoring,false,true,,RESEARCH_PROPOSED,name,MEDIUM,"women's and international groups; a branch's own activity, 1 branch(es)",,
redcross:visitor,redcross,Visitor,,prison_reintegration,true,true,elderly_visiting,RESEARCH_PROPOSED,description,HIGH,"CHANGE: rodekors.no (R8): confidential conversations with prisoners - prison visiting, not elderly visiting; on 36 branch pages",,
redcross:vitnestotte,redcross,Vitnestøtte,,legal_witness_support,true,true,legal_witness_support,RESEARCH_PROPOSED,atlas_case,HIGH,on 30 branch pages,,
redcross:local-volleyball-team-red-cross,redcross,Volleyball/Team Red Cross,,physical_activity,true,true,,RESEARCH_PROPOSED,name,HIGH,"a branch's own activity, 1 branch(es)",,
redcross:vaketjenesten,redcross,Våketjenesten,,elderly_visiting,true,true,elderly_visiting,RESEARCH_PROPOSED,atlas_case,MEDIUM,"Atlas best guess kept: sitting with the dying, closest is visiting; on 35 branch pages",,
redcross:local-onsketreet,redcross,Ønsketreet,,family_support,true,true,,RESEARCH_PROPOSED,name,MEDIUM,"Christmas gifts for families with little money; a branch's own activity, 1 branch(es)",,
redcross:ovrige-aktiviteter-rode-kors-ungdom,redcross,Øvrige aktiviteter -  Røde Kors Ungdom,,youth_activity_groups,true,true,youth_activity_groups,RESEARCH_PROPOSED,atlas_case,MEDIUM,on 28 branch pages,,
redcross:local-apen-barnehage,redcross,Åpen barnehage,,family_support,true,true,,RESEARCH_PROPOSED,name,MEDIUM,"a branch's own activity, 1 branch(es)",,
redcross:local-apent-hus,redcross,Åpent hus,,meeting_place,true,true,,RESEARCH_PROPOSED,name,LOW,"a local social or community activity; check the branch text; a branch's own activity, 2 branch(es)",,
redcross:local-apent-hus-i-bystua,redcross,Åpent hus i Bystuå,,meeting_place,true,true,,RESEARCH_PROPOSED,name,LOW,"a local social or community activity; check the branch text; a branch's own activity, 1 branch(es)",,
redcross:familiesenter,redcross,Familiesenter,,family_support,true,true,family_support,RESEARCH_PROPOSED,atlas_case,HIGH,not on any rodekors.no branch page (2026-10-04),,
redcross:akuttovernatting-for-bostedslose-tilreisende,redcross,Akuttovernatting for bostedsløse tilreisende,,emergency_shelter,true,true,housing_outreach,RESEARCH_PROPOSED,name,HIGH,CHANGE: v2 has emergency_shelter; not on any rodekors.no branch page (2026-10-04),,
redcross:aktiviteter-pa-utlendingsinternat,redcross,Aktiviteter på utlendingsinternat,,migrant_mentoring,true,true,migrant_mentoring,RESEARCH_PROPOSED,atlas_case,HIGH,not on any rodekors.no branch page (2026-10-04),,
redcross:internasjonal-humanitaer-rett,redcross,Internasjonal Humanitær Rett,,political_advocacy,true,true,political_advocacy,RESEARCH_PROPOSED,atlas_case,MEDIUM,not on any rodekors.no branch page (2026-10-04),,
redcross:praktiske-tjenester,redcross,Praktiske tjenester,,family_support,true,true,family_support,RESEARCH_PROPOSED,atlas_case,LOW,Atlas best guess kept; check content (R8); not on any rodekors.no branch page (2026-10-04),,
redcross:administrative-oppgaver,redcross,Administrative oppgaver,,,,false,,RESEARCH_PROPOSED,atlas_case,HIGH,"Atlas: administrative, governance or recruitment",,
redcross:sporadisk-frivillige,redcross,Sporadisk frivillige,,,,false,,RESEARCH_PROPOSED,atlas_case,HIGH,"Atlas: administrative, governance or recruitment",,
redcross:lokalstyre,redcross,Lokalstyre,,,,false,,RESEARCH_PROPOSED,atlas_case,HIGH,"Atlas: administrative, governance or recruitment",,
redcross:bua,redcross,BUA,,,,false,,RESEARCH_PROPOSED,atlas_case,HIGH,Atlas: not a service. QUESTION: BUA lends sports equipment to the public free of charge - the same gap as Kirkens Bymisjon's Skattkammeret,,
redcross:distriktsstyre,redcross,Distriktsstyre,,,,false,,RESEARCH_PROPOSED,atlas_case,HIGH,"Atlas: administrative, governance or recruitment",,
redcross:kompetansesenter,redcross,Kompetansesenter,,,,false,,RESEARCH_PROPOSED,atlas_case,HIGH,"Atlas: administrative, governance or recruitment",,
redcross:mottak-av-frivillige-i-lokalforening,redcross,Mottak av frivillige i lokalforening,,,,false,,RESEARCH_PROPOSED,atlas_case,HIGH,"Atlas: administrative, governance or recruitment",,
redcross:lokalrad-hjelpekorps,redcross,Lokalråd Hjelpekorps,,,,false,,RESEARCH_PROPOSED,atlas_case,HIGH,"Atlas: administrative, governance or recruitment",,
redcross:lokalrad-omsorg,redcross,Lokalråd Omsorg,,,,false,,RESEARCH_PROPOSED,atlas_case,HIGH,"Atlas: administrative, governance or recruitment",,
redcross:distriktsrad-hjelpekorps,redcross,Distriktsråd Hjelpekorps,,,,false,,RESEARCH_PROPOSED,atlas_case,HIGH,"Atlas: administrative, governance or recruitment",,
redcross:distriktsrad-ungdom,redcross,Distriktsråd Ungdom,,,,false,,RESEARCH_PROPOSED,atlas_case,HIGH,"Atlas: administrative, governance or recruitment",,
redcross:blodgiververving,redcross,Blodgiververving,,,,false,,RESEARCH_PROPOSED,atlas_case,HIGH,"Atlas: administrative, governance or recruitment",,
redcross:arrangement-og-reise,redcross,Arrangement og reise,,,,false,,RESEARCH_PROPOSED,atlas_case,HIGH,"Atlas: administrative, governance or recruitment",,
redcross:internasjonalt-distriktsamarbeid,redcross,Internasjonalt distriktsamarbeid,,,,false,,RESEARCH_PROPOSED,atlas_case,HIGH,"Atlas: administrative, governance or recruitment",,
